name;tm;nat;age;pos;cm;kg;app;min;G;A;yel;red;spG;pa%;aerWon;moM;tac;int;fouls;offW;clear;drbP;blcks;ownG;KP;drb;fouled;cOff;disp;unsT;avgP;crosses;longB;thrB
Milos Pantovic;Bayern Munich;rs;21;Forward;185;67;0(1);1;-;-;-;-;-;100;-;-;-;-;-;-;-;-;-;-;-;-;-;-;-;1;1;-;1;-
Xabi Alonso;Bayern Munich;es;35;M(C);183;80;23(3);1947;-;2;5;1;0.5;90.7;1.6;-;2.1;1.7;1.3;0.3;0.8;1.2;0.1;1;1.6;0.2;1.4;-;0.3;0.5;90.1;0.8;4.2;-
Arturo Vidal;Bayern Munich;cl;30;M(C);180;75;24(6);2048;4;5;3;-;1.7;90.2;1.6;4;2.7;1.3;2;0.1;0.6;1;0.2;-;1.6;0.2;1.3;0.2;0.4;0.5;67.8;0.4;3.3;0.1
Javi Martínez;Bayern Munich;es;28;D(C),M(C);190;81;11(5);1104;1;1;2;-;0.8;89.8;3.1;2;1.4;1.4;1;0.2;2;0.2;0.3;-;0.5;0.1;0.8;-;0.4;0.4;56.8;0.1;1.9;-
Serdar Tasci;Bayern Munich;de;30;D(C);186;80;3;220;-;-;1;-;0.3;89.4;2.3;-;0.3;2;1;0.7;1.7;-;0.7;-;-;-;0.3;-;-;-;63;-;1.7;-
Sebastian Rode;Bayern Munich;de;26;D(R),M(C);179;75;3(12);399;1;1;1;-;0.5;86.9;0.2;1;0.6;0.3;0.8;-;0.2;0.1;0.1;-;0.2;0.2;0.3;-;0.2;0.1;20.9;0.1;0.3;-
Rafinha;Bayern Munich;br;31;D(CLR),M(R);172;68;18(7);1748;-;3;7;-;0.4;92.6;0.7;-;1.3;1.5;0.9;0.3;0.8;0.4;0.2;-;0.8;0.5;0.9;-;0.2;0.5;72.1;0.4;2.6;-
Sven Ulreich;Bayern Munich;de;29;GK;192;84;0(1);39;-;-;-;-;-;62.5;-;-;-;-;-;-;-;-;-;-;-;-;-;-;-;-;16;-;2;-
Jérôme Boateng;Bayern Munich;de;28;D(CR);192;90;17(2);1353;-;3;3;1;0.4;86.5;1.6;-;0.7;1.6;0.5;0.8;2.2;0.3;0.2;-;0.7;0.2;0.2;-;0.1;0.3;68.4;0.2;7.2;0.1
Philipp Lahm;Bayern Munich;de;33;D(R),DMC;170;66;25(1);2200;1;1;3;-;0.4;90.8;1;1;0.9;1.6;0.4;0.2;0.7;0.5;0.2;-;1.9;0.4;0.7;0.1;0.2;0.4;76.5;0.3;3.2;0.1
Dante;Bayern Munich;br;33;D(C);188;87;0(1);17;-;-;-;-;-;94.7;-;-;-;-;1;-;1;-;-;-;-;-;-;-;-;-;19;-;2;-
Kingsley Coman;Bayern Munich;fr;21;AM(LR),FW;178;71;20(3);1688;4;6;-;-;1.6;84.5;0.6;2;0.6;0.4;0.6;-;0.2;0.6;-;-;1.5;3.7;2;0.1;0.7;1.3;34.8;0.7;0.3;-
Thiago Alcántara;Bayern Munich;es;26;M(C);174;70;16(11);1637;2;3;2;-;1.1;88.2;1;3;2.5;1.5;1.3;0.1;0.2;0.7;0.1;-;1.4;1.8;1.3;0.1;0.8;1;58.5;0.4;3.7;0.1
Arjen Robben;Bayern Munich;nl;33;M(CLR),FW;180;80;14(1);1101;4;1;1;-;3.5;80.4;0.5;1;0.3;0.4;0.3;-;0.1;0.3;-;-;1.8;1.7;0.9;0.7;0.8;1;38.1;0.6;1.3;0.1
Franck Ribéry;Bayern Munich;fr;34;AM(L);170;72;6(7);683;2;3;1;-;1;81.3;-;1;0.1;0.5;0.8;-;0.2;0.8;-;-;2.1;2.4;1;0.6;0.5;0.7;39.5;0.7;1.5;-
Mario Götze;Bayern Munich;de;25;M(CLR),FW;176;75;11(3);957;3;4;1;-;1.3;86.9;0.4;1;1.1;0.4;1.6;-;0.2;0.9;-;-;1.3;1.4;0.8;0.7;0.9;1.7;37.6;0.3;0.4;0.1
David Alaba;Bayern Munich;at;25;D(CL),M(C);180;76;27(3);2492;1;-;2;-;0.9;92.4;1;-;0.8;1.4;0.4;0.4;1.4;0.2;0.2;-;0.6;0.5;0.5;-;0.3;0.6;81.6;0.2;2.8;-
Manuel Neuer;Bayern Munich;de;31;GK;193;92;34;3021;-;-;-;-;-;80.8;0.1;1;-;-;-;-;0.5;-;-;-;-;-;0.1;-;-;-;32.7;-;5.3;-
Thomas Müller;Bayern Munich;de;27;M(CLR),FW;186;75;26(5);2345;20;5;4;-;3;77;1.7;3;0.8;0.5;0.8;-;0.5;0.6;-;-;1.9;1.2;0.9;0.4;1.1;1.5;34.1;0.2;0.9;-
Douglas Costa;Bayern Munich;br;26;M(CLR);170;65;23(4);1973;4;9;1;-;2.4;80.1;0.1;3;0.7;0.6;1;-;0.2;0.4;-;-;1.8;3.3;0.8;0.4;0.7;1.3;34.8;1.3;1;-
Juan Bernat;Bayern Munich;es;24;D(L),M(L);170;67;13(3);1149;-;1;2;-;0.6;90.7;1.3;-;1.3;1.6;0.7;0.3;1.3;0.4;0.1;-;0.4;1.1;0.8;-;0.6;0.6;50.8;0.2;1.2;-
Medhi Benatia;Bayern Munich;ma;30;D(C);190;92;11(3);980;1;2;2;-;0.6;89.6;3.6;-;1.2;2.4;1.1;1;2.3;0.4;0.2;-;0.2;0.4;0.4;0.1;-;0.4;59.8;-;1.9;-
Holger Badstuber;Bayern Munich;de;28;D(CL);190;84;5(2);470;-;-;-;-;0.4;91.1;3.3;-;0.7;0.6;0.4;1;3;-;-;-;0.3;-;0.3;-;-;-;54.4;-;2;-
Joshua Kimmich;Bayern Munich;de;22;D(CR),DMC;176;70;15(8);1423;-;2;3;-;0.3;92.2;0.8;-;1;1.1;0.5;0.4;0.5;0.7;0.1;-;0.4;0.3;1.3;-;-;0.5;66.6;0.1;3.2;-
Robert Lewandowski;Bayern Munich;pl;28;FW;185;79;29(3);2654;30;2;2;-;4.8;79.2;1.7;6;0.4;0.2;1.1;-;0.5;0.2;-;-;0.7;1.2;1.5;1.2;1.5;2.7;23.8;-;0.4;-
Tim Sebastian;RasenBallsport Leipzig;de;33;D(C);188;79;3(3);209;-;-;1;-;0.3;79.6;2.2;-;0.2;1.3;0.5;0.2;2.7;0.2;0.2;-;-;0.2;0.2;-;-;0.5;18.8;-;0.7;-
Georg Teigl;RasenBallsport Leipzig;at;26;D(R);183;77;7(4);699;-;-;1;-;1.2;67.1;0.4;-;1.8;2.1;1.4;0.2;0.7;1;0.2;-;0.4;0.5;0.9;-;0.5;1.2;27.6;0.2;1.2;-
Anthony Jung;RasenBallsport Leipzig;de;25;D(L);186;85;11(11);1108;-;-;4;-;0.4;73.3;1.5;1;1.6;1.3;0.8;0.1;1;0.8;0.1;-;1.1;0.5;0.6;-;0.5;0.2;25.5;0.7;0.6;-
Marcel Sabitzer;RasenBallsport Leipzig;at;23;AM(CLR),FW;177;74;32;2780;8;5;4;-;2.6;65.7;1.2;-;0.9;1.1;1;-;0.4;0.9;-;-;2.1;1.3;1.7;0.2;1.6;2.1;37;0.4;0.8;0.1
Atinc Nukan;RasenBallsport Leipzig;tr;24;D(C);196;86;7(5);600;1;-;3;-;0.3;72.9;5.1;-;1.2;2;1.3;0.8;3.3;0.3;0.3;-;0.1;0.1;0.5;-;0.2;0.5;31.4;-;3.3;-
Marvin Compper;RasenBallsport Leipzig;de;32;D(C);185;80;22(1);1997;3;1;1;-;0.9;77.8;4;1;2;3.3;1.2;1;5.3;0.6;0.3;-;0.2;-;0.7;-;0.1;0.6;59;0.1;5;-
Davie Selke;RasenBallsport Leipzig;de;22;FW;192;82;20(10);1821;10;1;4;-;1.9;55.3;3.4;3;0.3;0.2;2.2;-;0.6;0.2;0.1;-;0.6;0.6;1.4;1;1;1.6;11.6;0.2;-;-
Stefan Hierländer;RasenBallsport Leipzig;at;26;Midfielder;180;73;1;77;-;-;-;-;-;37;1;-;2;2;4;-;2;1;-;-;-;-;2;-;-;-;27;-;3;-
Marcel Halstenberg;RasenBallsport Leipzig;de;25;D(L);187;82;22(2);1988;2;3;4;-;1.2;68.5;2.7;3;2.7;3.7;1.5;0.1;2.5;1.3;0.2;-;1.5;0.8;0.7;0.1;0.3;0.6;35.1;0.8;1.5;-
Massimo Bruno;RasenBallsport Leipzig;be;23;AM(LR);178;74;11(13);1230;2;2;2;-;2;69.7;0.4;-;1;0.6;0.6;-;0.2;0.7;-;-;1;1.5;0.9;-;0.9;1.3;21.9;0.3;0.3;-
Willi Orban;RasenBallsport Leipzig;de;24;D(C);186;82;32;2844;1;1;9;1;0.8;77.6;5.6;2;3;2.5;1.6;0.9;6.8;0.8;0.5;-;0.4;0.2;0.9;0.1;0.3;0.2;55.2;-;2.5;-
Idrissa Touré;RasenBallsport Leipzig;de;19;Midfielder;188;0;0(1);1;-;-;-;-;-;100;-;-;-;-;-;-;-;-;-;-;-;-;-;-;-;-;3;-;-;-
Lukas Klostermann;RasenBallsport Leipzig;de;21;D(R);189;83;28(2);2481;1;4;2;-;0.8;71.2;1.7;-;2.3;2.1;0.7;0.4;2.7;0.7;0.2;-;0.5;0.3;0.5;0.1;0.4;0.9;34.7;0.2;1.2;-
Ken Gipson;RasenBallsport Leipzig;de;21;Defender;178;69;1(1);134;-;-;1;-;1.5;57.4;1.5;-;1.5;2;1;-;2;1;-;-;0.5;0.5;1.5;-;-;1.5;27;-;1;-
Péter Gulácsi;RasenBallsport Leipzig;hu;27;GK;190;83;13(1);1227;-;-;-;-;-;61.2;0.4;-;-;-;-;-;0.6;0.1;-;-;-;0.1;0.1;-;-;-;26.4;-;8.3;-
Dominik Kaiser;RasenBallsport Leipzig;de;28;M(CR);171;67;30;2574;7;6;5;-;2.1;74.6;1.1;2;1.4;1.7;1.3;-;0.4;1.2;0.1;-;2.1;0.2;2.6;0.1;0.7;1.3;44.2;1.3;1.8;-
Yussuf Poulsen;RasenBallsport Leipzig;dk;23;AM(R),FW;193;78;22(10);1991;7;4;7;-;1.9;65.4;3.8;2;0.6;0.3;1.9;-;0.4;0.7;-;-;0.8;1.6;1.5;0.7;1.9;2.9;20.7;0.1;0.2;-
Stefan Ilsanker;RasenBallsport Leipzig;at;28;D(CR),DMC;189;86;24(2);2074;1;1;10;-;0.6;76.9;4.4;5;4;2.8;2;-;3.1;1.4;0.3;-;0.4;0.6;1;-;0.2;1.1;53.7;0.1;2.2;-
Nils Quaschner;RasenBallsport Leipzig;de;23;AM(L),FW;184;81;1(18);331;1;1;-;-;0.6;64.6;1.4;-;0.3;0.1;0.9;-;0.2;0.1;0.1;-;0.3;0.1;0.4;0.1;0.4;0.5;5.9;0.1;-;-
Zsolt Kalmár;RasenBallsport Leipzig;hu;22;M(L);185;78;0(4);69;-;-;-;-;0.8;61.3;0.3;-;0.3;0.3;0.3;-;-;-;-;-;-;1;0.8;0.3;0.5;0.5;7.8;-;0.3;-
Rani Khedira;RasenBallsport Leipzig;de;23;DMC;188;84;10(9);808;-;-;2;-;0.2;70.3;1.9;-;1.2;1.4;1.2;0.1;1.1;0.4;0.1;-;0.2;0.2;1.1;0.1;0.4;0.6;20.4;0.2;0.8;-
Emil Forsberg;RasenBallsport Leipzig;se;25;AM(CL);179;78;30(2);2580;8;6;3;-;2.5;73.4;0.9;2;1.6;0.8;1.3;-;0.1;1.1;-;-;1.5;2.9;1.8;0.3;1.8;2;28;0.2;0.5;0.2
Fabio Coltorti;RasenBallsport Leipzig;ch;36;GK;197;95;21;1833;-;-;-;-;-;59.1;0.2;1;-;-;-;-;0.6;-;-;-;-;-;0.3;-;-;-;26.9;-;8.5;-
Diego Demme;RasenBallsport Leipzig;de;25;DMC;170;68;26(2);2190;-;2;7;-;0.4;76.1;1.1;1;3.6;2.5;1.9;-;0.9;1.9;0.1;-;1.3;0.8;1.9;-;1.3;0.8;62;0.1;3.3;0.1
Erik Durm;Borussia Dortmund;de;25;D(LR),M(R);183;72;10(4);865;1;1;2;-;0.9;75.6;0.5;1;1.4;1.8;0.9;0.1;1.2;0.5;0.1;-;0.6;1;0.6;-;0.7;0.8;30.7;0.3;1.3;-
Ilkay Gündogan;Borussia Dortmund;de;26;M(C);180;80;22(3);1994;1;3;1;-;2;87.8;0.8;1;1.5;2.3;1;-;0.6;1.3;0.1;-;1;2.2;1.8;-;1.1;1;80.9;0.1;3.5;0.1
Lukasz Piszczek;Borussia Dortmund;pl;32;D(CR),M(R);184;79;16(4);1519;-;3;3;-;0.7;84.2;2.1;-;1.2;2.2;0.5;0.2;2;0.6;0.4;-;1.1;0.5;0.6;-;0.5;0.7;54.6;0.5;1.3;0.1
Julian Weigl;Borussia Dortmund;de;21;DMC;186;72;25(5);2249;-;-;5;-;0.3;91.9;1.6;-;1.6;2.1;1.1;-;0.9;1;0.1;-;0.5;0.8;1.7;-;0.6;0.4;78.1;-;3;-
Mats Hummels;Borussia Dortmund;de;28;D(C);191;92;29(1);2496;2;2;1;-;0.4;86.4;3.9;3;2;2.5;0.6;0.8;3.1;0.3;0.1;1;0.2;0.8;0.5;-;0.3;0.5;78.9;0.1;4.3;-
Moritz Leitner;Borussia Dortmund;de;24;M(CR);174;69;2(7);320;-;1;-;-;0.7;85.9;0.1;-;0.9;0.3;0.4;-;0.1;0.7;-;-;0.6;0.7;1.1;-;1.1;0.8;28.3;-;1.2;-
Marco Reus;Borussia Dortmund;de;28;M(CLR),FW;180;71;24(2);1927;12;3;2;-;2.4;82.1;0.3;2;1;0.7;0.9;-;0.1;0.2;-;-;1.7;1.2;1.1;1.4;1.1;1.2;29.9;0.3;0.8;0.1
Adnan Januzaj;Borussia Dortmund;be;22;AM(CLR);182;75;0(6);160;-;1;-;-;0.7;81.3;-;-;0.2;0.3;1;-;-;0.5;-;-;1.2;1.5;0.7;0.2;1.2;0.7;8;0.2;0.3;0.2
Neven Subotic;Borussia Dortmund;rs;28;D(C);191;83;5(1);463;-;-;2;-;0.3;87.2;2.8;-;0.7;1.7;0.8;1.3;3.2;0.7;0.5;-;0.3;0.2;0.5;-;-;0.3;78.2;-;4.2;-
Henrikh Mkhitaryan;Borussia Dortmund;am;28;M(CLR);177;75;28(3);2578;11;15;5;-;2.6;75.7;0.8;11;1.7;1.5;1.7;-;0.5;0.8;0.1;-;2.7;2.6;1.9;0.6;2.3;1.3;43.4;1;1.3;0.1
Matthias Ginter;Borussia Dortmund;de;23;D(CR),DMC;191;89;21(3);1890;3;4;-;-;0.7;82.6;2.5;-;1.3;1.5;0.9;0.3;1.5;0.5;0.2;-;0.9;0.6;1.1;-;0.4;0.9;47.8;0.5;1.2;0.1
Adrián Ramos;Borussia Dortmund;co;31;FW;185;80;9(18);931;9;4;-;-;1.4;67.3;1.8;1;0.5;0.2;0.7;-;0.3;0.1;-;-;0.4;0.5;0.6;0.4;0.9;1.1;9.7;-;0.2;-
Jonas Hofmann;Borussia Dortmund;de;25;AM(CLR);176;70;4(3);288;1;2;-;-;0.9;73.7;0.3;-;0.7;0.4;0.1;-;0.1;-;-;-;1;1.1;1.3;0.4;0.4;1.1;13.6;0.6;0.7;-
Sokratis;Borussia Dortmund;gr;29;D(CR);186;85;23(2);2113;1;-;5;-;0.4;88.8;3.6;1;2.1;1.4;1.3;0.9;2.7;0.4;0.4;-;0.1;0.4;1;-;0.4;0.4;74.9;-;3;-
Pierre-Emerick Aubameyang;Borussia Dortmund;ga;28;M(LR),FW;187;80;28(3);2475;25;5;4;-;3.8;68.7;0.9;2;0.2;0.3;0.9;-;0.1;0.3;0.1;-;0.9;0.5;0.5;0.9;1;1.3;16.6;0.2;0.1;-
Sven Bender;Borussia Dortmund;de;28;D(C),M(C);186;80;14(5);1245;-;-;1;-;0.2;91;1.9;-;1.8;2.4;0.6;0.6;3.2;0.6;0.4;-;0.4;0.4;0.4;-;0.4;0.2;60.6;-;2;-
Gonzalo Castro;Borussia Dortmund;de;30;M(CR);172;74;16(9);1484;3;7;1;-;0.8;82.2;0.4;1;1.2;1.1;0.5;-;0.2;0.5;-;-;1.1;0.7;0.8;0.1;1.2;1;40.7;0.1;1.4;0.2
Joo-Ho Park;Borussia Dortmund;kr;30;D(L),DMC;176;73;4(1);310;-;-;-;-;0.6;84.9;1;-;1.6;2.2;1.8;0.2;1.4;1.4;-;-;0.4;0.8;1.6;-;0.6;0.6;42.4;0.2;0.8;-
Marcel Schmelzer;Borussia Dortmund;de;29;D(CL),M(L);180;74;22(4);2059;-;4;2;-;0.8;83.6;1.7;1;1.6;1.4;0.9;0.2;1.5;0.7;-;-;1;0.3;1.3;0.1;0.3;0.7;50.8;0.3;1.1;-
Felix Passlack;Borussia Dortmund;de;19;Midfielder;170;74;2(1);181;-;-;-;-;-;86.3;0.3;-;1.3;0.3;0.3;-;0.7;0.3;-;-;0.3;-;0.3;-;1;0.7;39;-;1.7;-
Christian Pulisic;Borussia Dortmund;us;18;M(CLR);172;69;4(5);387;2;-;1;-;0.9;77.9;0.4;-;1.2;1.1;0.4;-;0.2;0.2;0.1;-;0.8;1.3;0.9;0.1;1.3;1.2;19.1;0.3;0.1;-
Roman Weidenfeller;Borussia Dortmund;de;37;GK;190;90;1;90;-;-;-;-;-;56.5;-;-;-;-;-;-;1;-;-;-;-;-;-;-;-;-;23;-;5;-
Nuri Sahin;Borussia Dortmund;tr;28;M(C);180;73;6(3);506;-;2;1;-;0.4;89.4;1.3;-;1.2;1.2;0.9;-;0.1;1.2;0.1;-;0.7;0.2;0.8;-;0.6;0.3;58.7;-;2.8;-
Shinji Kagawa;Borussia Dortmund;jp;28;AM(CL);175;68;26(3);2172;9;7;2;-;1.1;85.2;0.6;3;1.2;0.6;0.9;-;0.1;0.3;-;-;1.4;0.7;1.2;0.2;1.8;1.6;50;0.1;2;-
Roman Bürki;Borussia Dortmund;ch;26;GK;187;85;33;2970;-;-;1;-;-;73.4;0.3;-;-;-;-;-;0.6;0.1;-;-;-;-;0.2;-;-;-;26;-;3.9;-
Kevin Kampl;Borussia Dortmund;si;26;M(CLR);178;67;0(1);12;-;-;-;-;-;90;-;-;-;-;-;-;-;-;-;-;-;-;-;-;-;1;10;-;-;-
Sebastian Rudy;Hoffenheim;de;27;D(R),M(CR);180;74;22(2);1800;2;1;8;1;0.6;76.8;1.3;-;2.5;1.5;2;-;1.3;1.3;0.3;-;0.9;0.8;1.1;0.1;0.6;1;40;0.3;1.8;-
Joelinton;Hoffenheim;br;21;FW;186;76;0(1);1;-;-;-;-;2;50;-;-;-;-;-;-;-;-;-;-;-;-;-;-;-;-;2;-;-;-
Tarik Elyounoussi;Hoffenheim;no;29;AM(CLR);172;66;5(1);424;-;1;-;-;0.5;71.1;0.8;-;1.8;1;0.8;-;0.8;0.7;-;-;1.3;0.8;1.5;0.3;0.5;0.8;25.3;0.2;0.3;-
Pavel Kaderábek;Hoffenheim;cz;25;D(R),M(R);182;81;25(3);2228;-;1;2;-;0.2;68.4;2.6;-;1.2;1.9;0.9;0.3;3.2;0.5;0.5;-;0.4;0.6;0.7;-;0.2;0.4;26.9;0.3;0.5;-
Andrej Kramaric;Hoffenheim;hr;26;AM(CL),FW;177;73;12(3);1085;5;2;-;1;2.8;75.9;0.7;-;0.3;0.5;0.7;-;-;0.3;-;-;0.6;1.4;0.9;0.2;1.2;1.4;22.7;0.4;0.5;0.1
Niklas Süle;Hoffenheim;de;21;D(C);195;97;33;2970;-;1;4;-;0.2;85.9;1.7;1;1.4;2.1;0.5;1.3;6.2;0.2;0.9;-;0.2;0.1;0.7;-;0.1;0.2;51.6;-;3.5;-
Mark Uth;Hoffenheim;de;25;AM(R),FW;185;72;16(9);1403;8;1;2;-;1.4;73.6;0.7;3;1.1;1.1;1.1;-;0.5;0.8;-;-;0.6;0.6;0.8;0.3;1.1;2;15.4;-;0.6;-
Jeremy Toljan;Hoffenheim;de;23;D(L),M(LR);182;76;16(2);1488;1;-;-;-;0.3;73;0.7;1;0.9;2.7;0.3;0.3;2.3;0.8;0.4;1;0.3;0.8;1.1;0.1;0.9;1.1;26.5;-;1.5;-
Eduardo Vargas;Hoffenheim;cl;27;AM(CLR),FW;176;76;16(8);1506;2;3;1;-;1.3;73.8;1.5;-;0.3;0.4;1.1;-;-;0.3;-;-;1.2;1.4;0.8;0.8;1.1;1;23.5;-;0.7;-
Jonathan Schmid;Hoffenheim;fr;27;D(R),M(LR);179;79;16(7);1455;4;-;1;-;0.9;73;0.9;1;0.6;1.4;0.4;0.1;0.6;0.6;-;-;1;0.3;1;-;0.5;1;15.8;0.7;0.5;-
Nadiem Amiri;Hoffenheim;de;20;AM(C);180;73;16(9);1461;4;4;4;-;1.5;77.8;0.3;1;1.2;0.6;1;-;0.2;1;-;-;1.4;1.1;1.5;0.1;0.8;0.7;24.3;0.3;1;-
Kevin Kurányi;Hoffenheim;de;35;FW;190;88;5(9);524;-;-;-;-;0.6;57.8;1.9;-;0.6;0.4;1.1;-;0.6;0.3;0.1;-;0.3;0.6;0.6;0.6;0.7;0.7;12.9;0.1;0.2;-
Eugen Polanski;Hoffenheim;pl;31;M(C);183;78;20(7);1758;1;3;8;-;0.9;77.7;1.1;-;2.4;2.1;1.2;-;1;1.9;0.2;1;0.6;0.6;1.7;-;0.9;0.7;33.4;0.1;1;0.1
Steven Zuber;Hoffenheim;ch;25;M(LR);182;79;6(6);575;2;-;1;-;1.4;67;0.8;-;0.8;0.5;0.8;-;0.1;0.7;0.2;-;0.5;1;0.7;0.2;0.7;1.3;17.2;0.2;0.3;-
Philipp Ochs;Hoffenheim;de;20;Midfielder;175;71;6(7);559;-;1;-;-;0.5;77.2;0.3;-;1.8;0.5;0.8;-;0.4;0.6;-;-;0.5;0.1;0.3;-;0.8;1;15.8;-;0.2;-
Tobias Strobl;Hoffenheim;de;27;D(CR),DMC;188;77;22(4);2078;-;1;5;-;0.4;81;1.4;1;2.8;2.4;1.7;0.3;1.9;1.3;0.3;-;0.6;0.5;1.2;-;0.4;0.6;41;0.2;2.5;-
Russell Canouse;Hoffenheim;us;22;DMC;177;76;0(1);23;-;-;-;-;-;77.8;-;-;-;1;-;-;2;-;-;-;-;-;-;-;-;-;9;-;-;-
Fabian Schär;Hoffenheim;ch;25;D(C);186;84;20(4);1728;1;-;3;-;0.8;78.8;1.7;-;1.3;2.2;1.2;0.9;4.1;0.8;0.7;1;0.3;0.4;0.8;0.1;0.2;0.2;37.7;-;4.8;-
Jiloan Hamad;Hoffenheim;se;26;AM(CLR);173;66;4(3);316;1;-;1;-;0.6;70.4;0.7;-;0.9;0.6;1;0.1;0.1;0.4;-;-;0.4;0.4;0.7;0.1;0.7;0.6;17.9;-;0.6;-
Jens Grahl;Hoffenheim;de;28;GK;192;91;1;90;-;-;-;-;-;72.2;-;-;-;-;-;-;-;1;-;-;-;-;-;-;-;-;18;-;2;-
Ermin Bicakcic;Hoffenheim;ba;27;D(C);185;85;18(3);1600;-;-;2;1;0.4;84.3;2;1;1.3;2.2;0.7;0.9;6.3;0.5;1.2;-;0.1;0.1;1;0.1;-;0.2;35;-;1.6;-
Oliver Baumann;Hoffenheim;de;27;GK;187;82;33;2970;-;-;1;-;-;61.4;0.2;4;-;0.1;-;-;0.7;-;-;-;0.1;-;0.2;-;-;-;39.1;-;8;-
Ádám Szalai;Hoffenheim;hu;29;FW;193;90;1(3);107;-;-;-;-;1;66.7;1.5;-;-;0.3;1;-;0.3;-;-;-;0.5;0.5;0.5;0.3;0.3;0.8;7.5;-;-;-
Kim Jin-Su;Hoffenheim;kr;25;D(L);177;70;14(1);1313;-;-;3;-;0.5;73.6;2;-;1.6;3.3;1.4;0.4;3.7;1.1;0.2;-;0.3;0.4;1.3;-;0.4;0.8;32.6;0.2;2.1;-
Kevin Volland;Hoffenheim;de;25;AM(CLR),FW;179;81;31(2);2731;8;7;8;-;1.9;58.7;0.9;3;1.5;0.8;2;-;0.3;1;-;-;1.3;1.8;2.5;0.2;1.8;2.1;25.2;0.5;0.8;-
Pirmin Schwegler;Hoffenheim;ch;30;M(C);178;74;16(5);1416;-;-;5;-;0.5;80.7;2.2;-;2.1;2;1.5;-;1.5;1.4;0.2;-;0.3;0.2;1.3;-;0.7;0.5;35.7;-;1.3;-
Yannick Gerhardt;FC Cologne;de;23;D(L),M(CL);184;81;22(7);1887;2;4;3;-;0.9;80;1.4;-;2;1.2;1;-;0.5;0.9;0.1;-;0.8;0.6;1.5;0.1;0.7;1.6;27.9;0.1;1.2;-
Simon Zoller;FC Cologne;de;26;AM(LR),FW;179;70;14(10);1223;6;1;4;-;1.3;72.3;0.6;-;0.5;0.4;0.9;-;0.3;0.3;-;-;0.4;0.5;0.4;0.4;0.5;1;11.4;-;0.3;-
Lukas Klünter;FC Cologne;de;21;D(R);184;73;0(1);14;-;-;-;-;1;33.3;1;-;1;-;-;-;1;1;-;-;-;-;-;-;-;3;3;-;-;-
Leonardo Bittencourt;FC Cologne;de;23;AM(CLR);171;63;27(2);2219;3;4;2;1;1.3;71.2;0.8;-;2.7;1.3;1.8;-;0.2;1.7;0.1;-;1.3;1.1;2.2;0.2;1;1.7;28;0.3;0.8;0.1
Milos Jojic;FC Cologne;rs;25;M(CR);177;79;2(13);479;2;-;2;-;1.1;74;0.6;-;0.7;0.5;1.1;-;0.2;0.5;-;-;1;0.3;0.4;0.1;0.8;0.9;12.8;0.5;0.7;0.1
Kevin Vogt;FC Cologne;de;25;D(CR),M(C);194;85;17(6);1479;-;2;4;-;0.4;80.1;1.9;-;1.1;1.2;1.2;-;0.8;0.6;0.5;-;0.6;0.3;1.2;-;0.4;0.6;38;0.2;3.7;-
Thomas Kessler;FC Cologne;de;31;GK;197;92;1;90;-;-;-;-;-;50;-;-;-;-;-;-;-;-;-;-;-;-;-;-;-;-;22;-;11;-
Anthony Modeste;FC Cologne;fr;29;FW;187;84;33(1);2875;15;3;4;-;3.2;59.6;5.7;5;0.2;0.3;1.3;-;1.1;0.3;0.1;-;0.6;0.3;2.1;1.7;0.8;2.4;18.4;-;0.2;-
Philipp Hosiner;FC Cologne;at;28;FW;179;79;4(11);562;1;-;2;-;0.9;71;0.6;-;0.6;-;0.5;-;0.2;0.3;-;-;0.3;0.3;0.7;0.1;0.7;0.8;9.7;-;0.1;-
Pawel Olkowski;FC Cologne;pl;27;D(R),M(R);184;76;13(6);1059;-;-;1;-;0.4;69.9;1.1;-;1.2;1.4;0.5;-;1.7;0.6;0.2;-;0.1;0.5;0.7;-;0.3;0.3;21.7;0.1;0.4;-
Jonas Hector;FC Cologne;de;27;D(L),DMC,M(L);185;75;32;2859;-;4;3;-;0.3;81.8;2.6;1;1.9;2.4;0.7;0.2;2.4;0.9;0.4;-;1.8;1;1.4;-;0.7;0.7;48.9;1;2.4;-
Timo Horn;FC Cologne;de;24;GK;192;90;33;2970;-;-;-;-;-;58.1;0.5;1;-;-;-;-;0.7;-;-;-;-;-;0.3;-;-;-;27.3;-;8.1;-
Yuya Osako;FC Cologne;jp;27;AM(CR),FW;182;71;14(11);1346;1;-;2;-;1.3;75.5;1.2;-;1.1;0.5;1;-;0.3;0.4;-;-;0.8;0.8;1.6;0.4;1.2;1.2;19.1;0.2;1;-
Frederik Sörensen;FC Cologne;dk;25;D(CR);194;88;19(3);1676;-;2;5;-;0.3;77.3;2.3;1;2;1.7;1;0.2;4.9;0.8;1;-;0.2;0.3;0.7;-;-;0.2;36.9;-;3.7;-
Marcel Risse;FC Cologne;de;27;D(R),M(CLR);183;75;33;2963;3;5;5;-;1.4;61.9;0.3;5;2.9;1.9;1;0.1;0.6;1.1;0.1;-;2;1.4;0.7;-;0.5;0.8;35.6;1.7;3.3;-
Dominic Maroh;FC Cologne;si;30;D(C);186;85;23(2);2122;2;1;7;-;0.8;87;3;3;1.7;3;1.1;0.4;4.2;0.6;0.8;-;0.1;-;0.6;-;0.2;0.3;47.2;-;2.8;-
Dominique Heintz;FC Cologne;de;24;D(CL);189;87;32(1);2874;2;-;3;-;0.4;82.1;1.9;2;2;2.4;0.8;0.3;4.2;0.8;0.4;-;0.1;0.4;0.5;-;0.4;0.4;43.8;-;4;-
Filip Mladenovic;FC Cologne;rs;26;D(L),M(L);180;65;10(4);850;-;2;1;-;0.9;70.8;0.5;-;1.5;1.3;0.8;-;1.3;0.6;0.3;-;1.1;0.6;0.4;0.1;0.7;0.8;20.8;1.1;1.1;-
Mergim Mavraj;FC Cologne;al;31;D(C);189;84;11(1);991;-;-;1;-;0.4;83.5;3.1;1;2.5;1.3;1.3;0.5;6.1;0.4;0.8;-;-;0.2;1;-;0.1;0.2;33.3;-;1.5;-
Marcel Hartel;FC Cologne;de;21;Midfielder;176;69;0(6);74;-;-;-;-;0.7;76.6;0.2;-;0.5;-;0.2;-;-;-;0.2;-;-;0.7;0.3;-;0.3;-;7.8;-;-;-
Matthias Lehmann;FC Cologne;de;34;M(C);179;75;31(1);2775;-;2;6;1;0.4;83.2;1.2;-;1.7;1.6;1.3;0.1;1.1;1.1;0.3;-;0.6;0.2;0.9;-;0.2;0.3;42.8;-;2.3;-
Kazuki Nagasawa;FC Cologne;jp;25;M(L);172;68;1;46;-;-;-;-;1;60;2;-;-;1;-;-;2;-;-;-;-;-;1;-;-;3;15;-;-;-
Dusan Svento;FC Cologne;sk;32;D(L),M(L);178;70;2(5);223;1;-;-;-;0.4;66.1;0.4;-;-;0.9;-;-;0.3;-;-;-;0.1;0.4;0.4;0.3;0.3;0.1;8;0.1;0.3;-
Sebastian Langkamp;Hertha Berlin;de;29;D(C);191;85;22;1880;-;1;8;-;0.1;85.3;3.6;-;1.6;1.5;0.6;0.6;5;0.4;0.7;-;0.1;0.1;1.5;-;0.1;0.4;55.9;-;4.6;-
Marvin Plattenhardt;Hertha Berlin;de;25;D(L);181;76;33;2970;2;4;5;-;0.4;79.2;1.4;1;1.4;1.3;1.1;0.3;1.8;0.3;0.2;-;1.1;0.3;1.2;-;0.4;0.7;39.4;1.2;1.7;-
Per Skjelbred;Hertha Berlin;no;30;M(CR);175;74;31;2695;-;2;9;-;0.1;84.6;1.9;-;1.8;2.6;2;0.1;0.9;1;0.2;-;0.3;0.6;1.1;-;0.5;0.6;50.8;-;3.2;-
Mitchell Weiser;Hertha Berlin;de;23;D(R),M(R);176;67;27(2);2431;2;4;7;-;0.5;72;1;1;2.2;1.7;1;0.1;0.9;1;0.1;-;0.7;1.7;2.2;0.1;1.6;2.2;33.5;0.3;1.3;-
Vedad Ibisevic;Hertha Berlin;ba;33;FW;188;82;25(1);2099;10;4;5;1;2.4;67.4;4.1;4;0.6;0.3;1.8;-;0.5;0.3;0.1;-;0.8;0.7;1.6;0.9;1.5;2.2;22.3;-;0.7;-
Roy Beerens;Hertha Berlin;nl;29;AM(LR);173;63;2;111;-;-;-;1;0.5;72.7;-;-;-;0.5;1;-;-;1;-;-;-;1;1;-;1.5;0.5;11;1;-;-
Ronny;Hertha Berlin;br;31;AM(C);175;74;0(1);28;-;-;-;-;2;80;-;-;-;-;1;-;-;-;-;-;-;-;1;-;1;-;10;-;2;-
John Brooks;Hertha Berlin;us;24;D(C);193;78;20(3);1808;1;1;3;-;0.4;84.4;2.9;2;1;1.7;1;0.7;3.7;0.4;0.3;-;0.1;0.2;0.9;0.1;0.2;0.3;53.6;-;7;-
Niklas Stark;Hertha Berlin;de;22;D(C),DMC;190;81;15(6);1409;2;-;2;1;0.7;86.5;2;-;0.8;1.1;1.1;0.3;3.1;0.3;0.5;-;-;0.2;1.3;0.2;0.2;0.3;37.9;-;3.4;-
Tolga Cigerci;Hertha Berlin;tr;25;M(CLR);185;75;13(5);1033;-;2;2;-;1.4;83.3;1.1;-;1.3;1.8;0.9;0.1;0.8;0.7;0.1;-;0.6;0.9;1;0.1;0.8;0.8;36;0.3;2.6;-
Salomon Kalou;Hertha Berlin;ci;32;AM(CLR),FW;184;77;30(2);2535;14;2;2;-;1.7;76.9;1.6;3;0.5;0.6;1.3;-;0.5;0.5;0.2;-;0.7;1.6;1.3;0.5;2.3;1.7;21.1;0.1;0.4;-
Florian Kohls;Hertha Berlin;de;22;Midfielder;173;69;0(1);7;-;-;-;-;1;33.3;-;-;1;-;-;-;1;-;-;-;-;-;-;-;-;-;3;-;-;-
Thomas Kraft;Hertha Berlin;de;29;GK;187;78;6;496;-;-;-;-;-;58.5;0.7;-;-;-;-;-;1;0.3;-;-;-;-;0.5;-;0.2;-;37.3;-;9.3;-
Fabian Lustenberger;Hertha Berlin;ch;29;D(C),M(C);180;70;30;2537;1;-;5;-;0.3;86.1;2.2;1;2.2;1.8;0.8;0.3;2.9;0.7;0.4;-;0.3;-;1.4;-;0.2;0.6;48.2;-;4.4;-
Julian Schieber;Hertha Berlin;de;28;FW;186;83;0(6);137;-;1;1;-;0.3;48.7;1.8;-;-;0.2;0.8;-;0.2;0.2;-;-;0.3;-;0.5;-;0.5;0.7;6.5;-;-;-
Jens Hegeler;Hertha Berlin;de;29;D(C),M(CR);193;86;3(13);480;-;-;1;-;0.8;83.6;1.8;-;0.6;0.6;0.9;0.1;1;0.3;0.2;-;0.1;0.3;0.4;0.1;0.6;0.1;13.8;-;0.2;-
Peter Pekarík;Hertha Berlin;sk;30;D(LR);176;70;12;1066;-;1;1;-;0.3;76.7;1.8;-;2.3;1.9;1;0.1;2.3;0.8;0.2;-;0.5;0.6;1.3;0.1;0.8;0.8;37.8;0.8;2.3;-
Vladimir Darida;Hertha Berlin;cz;27;M(C),FW;171;64;30(1);2599;5;2;6;-;1.3;81.5;1.3;1;0.9;2.1;1.8;-;0.6;0.8;0.2;-;1.1;0.5;1.5;0.2;1.1;1.4;53.7;0.7;2.1;-
Valentin Stocker;Hertha Berlin;ch;28;AM(CLR);179;72;10(12);835;1;-;2;-;0.7;63.2;1;-;0.6;0.4;1.4;-;0.4;1;-;-;0.5;0.4;0.3;0.2;0.5;0.8;8.8;0.1;0.2;-
Nico Schulz;Hertha Berlin;de;24;D(L),M(L);180;78;0(1);33;-;-;-;-;1;71.4;-;-;-;-;1;-;-;1;-;-;-;1;1;-;-;-;7;-;1;-
Maximilian Mittelstädt;Hertha Berlin;de;20;D(L);178;69;2(1);181;-;1;-;-;0.3;72.3;0.7;-;1;1.7;0.3;0.3;1;1;-;-;0.7;-;1;-;1.3;-;21.7;0.3;1.7;-
Rune Jarstein;Hertha Berlin;no;32;GK;190;82;28(1);2565;-;-;2;-;-;60.9;0.4;-;-;-;-;-;0.8;0.1;-;-;-;-;0.1;-;-;0.1;44.2;-;10.2;-
Alexander Baumjohann;Hertha Berlin;de;30;M(C);178;75;1(23);437;1;2;-;-;0.3;74.2;0.1;-;0.3;0.1;0.1;-;-;0.1;-;-;0.6;1;0.7;-;1;0.5;9.7;0.1;0.3;0.1
Genki Haraguchi;Hertha Berlin;jp;26;AM(LR);177;68;28(4);2522;2;3;4;-;1;74.5;0.9;2;2.1;1.1;0.9;-;0.4;1.1;-;-;0.9;1.7;1.3;0.2;1.1;1.5;22.2;0.4;0.7;-
Yanni Regäsel;Hertha Berlin;de;21;D(R);176;72;5(1);462;-;-;-;-;0.2;76;0.7;-;1;1.2;0.8;-;0.3;0.2;0.2;-;0.3;0.3;1.2;-;0.7;1.2;36.2;0.2;2.3;-
Johannes van den Bergh;Hertha Berlin;de;30;D(L),M(L);183;75;1(12);228;-;1;1;-;0.1;72.2;-;-;0.4;0.4;0.2;-;0.3;0.1;-;-;0.2;0.1;0.3;-;0.3;0.4;6.9;0.2;0.2;-
Mats Møller Dæhli;Freiburg;no;22;AM(CL),FW;177;72;0(2);49;-;-;-;-;0.5;68.8;-;-;0.5;0.5;0.5;-;-;0.5;-;-;0.5;2;-;-;1;0.5;8;-;0.5;-
Amir Falahen;Freiburg;ps;24;Forward;190;81;0(3);33;-;-;-;-;-;66.7;0.7;-;-;-;-;-;0.3;-;-;-;0.3;-;-;-;0.7;0.3;4;-;-;-
Nicolas Höfler;Freiburg;de;27;D(C),DMC;181;78;33;2961;2;2;5;-;0.3;83.4;3.2;1;2.8;2.6;1.9;0.1;1.8;1.3;0.4;-;0.7;0.9;3;-;1.2;1;65.2;0.1;2.8;-
Karim Guédé;Freiburg;sk;32;FW;184;87;14(12);1095;1;3;4;-;0.5;60.6;2;-;0.5;0.5;1.5;-;0.5;0.3;0.2;-;0.3;0.3;1.1;0.3;1;0.9;11.2;-;-;-
Christian Günter;Freiburg;de;24;D(L),M(L);185;80;29(2);2561;-;1;3;-;0.9;72.9;1.2;-;1.9;1.3;1.5;0.1;2;0.7;0.2;-;0.9;0.9;1;-;0.8;1.1;34.2;0.4;1.5;-
Julian Schuster;Freiburg;de;32;M(C);189;80;0(8);36;1;-;-;-;0.3;85.5;0.1;-;0.4;0.1;0.3;-;0.1;-;-;-;-;-;-;-;-;-;6.9;-;0.5;-
Amir Abrashi;Freiburg;al;27;M(C);172;71;33;2933;3;1;10;-;1.2;85.3;1.9;1;2.1;1.8;2.7;0.1;1.2;1;0.4;-;0.8;0.9;2.1;-;1.2;1.2;56.5;0.1;2.8;-
Fabian Schleusener;Freiburg;de;25;Midfielder;186;80;0(1);11;-;-;-;-;2;71.4;1;-;1;1;-;-;-;-;-;-;-;-;-;-;-;-;7;-;-;-
Marc-Oliver Kempf;Freiburg;de;22;D(C);186;87;29(1);2619;5;3;3;-;0.8;81.3;4.4;1;1.3;1.6;1.1;0.6;4.4;0.3;0.4;-;0.3;0.2;1;-;0.3;0.4;58.4;-;4.1;-
Pascal Stenzel;Freiburg;de;21;D(R);183;72;11;967;-;1;2;1;0.9;75.2;1.1;-;3.5;2.3;2.2;0.5;2.7;1.5;0.3;-;0.5;1.1;0.9;-;0.5;1.3;37.4;0.1;2.3;-
Håvard Nielsen;Freiburg;no;24;AM(L),FW;187;80;3(4);270;-;-;-;-;1;61.8;1.9;-;0.3;-;0.6;-;0.9;0.3;-;-;0.4;0.7;0.7;-;0.4;1.1;12.7;0.1;0.1;-
Caleb Stanko;Freiburg;us;24;Midfielder;180;81;1(4);121;-;-;-;-;0.2;86.5;0.4;-;0.8;0.2;0.6;-;0.4;-;-;-;0.4;0.8;0.6;-;0.2;0.4;14.8;-;0.2;-
Vincenzo Grifo;Freiburg;it;24;AM(CL);180;72;29(2);2581;14;11;4;-;3.9;74.9;1.1;8;1.5;1.1;0.6;-;0.7;0.7;0.1;-;2.5;2.3;1.4;0.4;2.4;1.3;41.5;1.9;1.7;0.1
Mike Frantz;Freiburg;de;30;M(CLR),FW;182;80;29(2);2377;6;7;4;-;1.1;67.9;2.4;1;1.5;1;1.2;-;0.6;0.5;0.1;-;1.2;0.7;1.7;0.1;1.2;1.1;26.9;0.6;1.1;-
Jonas Föhrenbach;Freiburg;de;21;D(L);185;78;7(1);581;1;-;1;-;0.1;79.6;1.1;1;2.6;0.8;0.9;-;1.3;0.6;0.5;1;0.5;1;0.5;0.3;0.4;1;39.8;0.4;1.6;-
Maximilian Philipp;Freiburg;de;23;AM(LR),FW;184;77;25(6);2256;8;9;1;-;1.7;76.6;1.8;2;1.5;1;1.1;-;0.4;0.5;0.3;-;1.3;2;2.5;0.2;1.7;1.6;26.9;0.1;0.7;-
Mensur Mujdza;Freiburg;ba;33;D(R);185;81;13(5);1173;-;1;6;1;0.2;76.9;1.3;-;1.3;0.7;0.8;0.2;1.3;0.3;0.1;1;0.6;0.6;0.5;-;0.3;0.3;34.4;0.8;1.7;-
Florian Niederlechner;Freiburg;de;26;FW;186;86;11(3);931;8;1;3;-;1.9;73.3;1.3;5;0.7;0.6;1.9;-;0.4;0.2;0.1;-;0.9;2.2;2.2;0.3;1.6;2.4;15.8;0.1;0.5;-
Nils Petersen;Freiburg;de;28;FW;188;85;25(7);2333;21;5;1;-;2.3;65.1;4.6;4;0.4;0.7;0.7;-;1;0.8;0.1;-;0.8;0.8;0.4;0.6;1;2.3;18.7;-;0.5;-
Marc Torrejón;Freiburg;es;31;D(CR);187;87;19(1);1682;1;4;3;1;0.7;82.5;3.1;1;1.3;2;0.6;0.5;4.5;0.3;0.3;-;0.8;0.4;0.6;-;0.2;0.5;58.2;0.2;5.4;-
Immanuel Höhn;Freiburg;de;25;D(CR);183;72;25(1);2276;3;1;3;-;0.7;87.2;2.3;1;1.3;1.7;1.1;0.3;4.3;0.4;0.7;-;0.2;0.2;0.5;-;0.1;0.5;58.7;-;3.3;-
Tim Kleindienst;Freiburg;de;21;FW;194;83;0(7);87;-;-;-;-;0.3;75.7;1;-;0.3;-;1;-;0.6;0.1;-;-;0.3;0.6;0.9;-;0.3;0.7;5.3;-;-;-
Alexander Schwolow;Freiburg;de;25;GK;189;83;33;2970;-;-;1;-;-;55.6;0.2;1;-;-;-;-;0.6;-;-;-;-;-;0.1;-;-;-;34.8;-;8.5;-
Patric Klandt;Freiburg;de;33;Goalkeeper;184;81;1;90;-;-;-;-;-;54.5;-;-;-;-;-;-;-;-;-;-;-;-;-;-;-;-;22;-;9;-
Florian Kath;Freiburg;de;22;Midfielder;184;74;0(4);10;-;-;1;-;-;50;-;-;-;-;0.5;-;0.5;0.3;-;-;-;-;-;-;-;0.5;0.5;-;-;-
Lucas Hufnagel;Freiburg;ge;23;M(R);183;73;3(16);540;1;3;2;-;0.3;80.6;0.6;-;0.8;0.6;0.6;-;0.2;0.2;-;-;0.6;1;1.7;-;0.8;1.1;9.8;0.1;0.2;0.1
Vegar Hedenstad;Freiburg;no;26;D(LR);178;74;1(6);101;-;-;-;-;-;60.7;0.1;-;0.3;-;-;-;0.3;-;-;-;0.1;-;0.3;-;0.3;-;4;-;-;-
Jannik Vestergaard;Werder Bremen;dk;25;D(C);199;98;33;2970;2;-;2;-;1.1;72.7;4.7;2;2;3.2;0.7;1;4.5;0.8;0.7;-;0.2;0.5;0.8;0.1;0.3;0.2;40.4;-;4;-
Fin Bartels;Werder Bremen;de;30;M(CLR),FW;176;69;22(8);2070;8;1;5;1;1.4;73.7;0.5;1;1;1.1;0.5;-;0.1;0.9;0.1;-;0.8;1.6;1.1;0.1;1.1;1.5;22.1;0.1;0.9;-
Anthony Ujah;Werder Bremen;ng;26;FW;179;81;26(6);2335;11;2;2;-;2.1;60.2;4.3;2;0.4;0.1;1.3;-;1.4;0.2;0.1;-;0.8;0.6;1.1;0.7;0.8;1.5;19.1;-;0.2;-
Özkan Yildirim;Werder Bremen;de;24;Midfielder;173;72;0(1);13;-;-;-;-;1;75;1;-;-;-;-;-;-;1;-;-;-;-;-;-;-;-;8;-;-;-
Papy Djilobodji;Werder Bremen;sn;28;D(C);193;82;14;1260;2;1;6;-;1.6;67.9;5.1;1;1.1;4.1;1.2;0.8;5.9;0.4;0.9;1;0.6;0.6;0.9;0.1;0.1;0.6;47.4;0.1;5.7;-
Sambou Yatabaré;Werder Bremen;ml;28;M(CR);190;82;6(2);493;1;1;3;-;1;62.1;2.5;-;0.9;0.6;2.3;-;0.8;0.3;-;-;0.9;2;0.9;0.3;1.1;1.8;22.8;0.3;1;-
Aron Jóhannsson;Werder Bremen;us;26;FW;184;70;5(1);409;2;-;-;-;2.3;74.8;0.5;-;0.8;0.5;2.2;-;-;0.3;0.2;-;1.3;1;1;0.7;1;1.2;17.8;0.5;0.7;-
Milos Veljkovic;Werder Bremen;rs;21;D(C),DMC;184;77;1(2);93;-;-;-;-;-;59.1;0.7;-;1;3;0.7;-;0.3;0.7;-;-;-;-;0.3;-;-;-;7.3;-;1;-
Santiago García;Werder Bremen;ar;29;D(CL),M(L);191;80;29;2468;-;3;9;-;0.4;67.2;4.1;1;2.3;3.7;1.6;0.4;2.2;1.2;0.3;-;1.1;0.7;2;0.1;0.4;0.8;33.6;0.4;1.8;-
Ulisses García;Werder Bremen;ch;21;DMC;185;78;7(4);592;-;1;3;-;1;69.7;1.5;-;1.4;1.5;1.8;0.2;0.5;1.5;-;-;0.5;1.6;0.5;-;1.4;0.9;19.2;0.3;0.6;-
Luca-Milan Zander;Werder Bremen;de;22;Defender;183;73;1(1);104;-;-;-;-;-;50;1.5;-;1.5;2.5;-;-;0.5;2;-;-;-;-;0.5;-;-;0.5;12;-;1;-
László Kleinheisler;Werder Bremen;hu;23;AM(C);173;70;1(5);191;-;-;-;-;0.8;79.7;0.5;-;0.5;0.7;1.2;-;-;0.2;-;-;0.2;1.2;0.8;-;0.7;0.8;13.2;0.2;0.7;-
Felix Wiedwald;Werder Bremen;de;27;GK;190;82;34;3060;-;-;4;-;-;56.7;0.3;-;-;-;0.1;-;0.8;0.1;-;-;-;-;0.2;-;-;-;26.4;-;9.4;-
Levin Öztunali;Werder Bremen;de;21;AM(CLR);184;80;17(8);1410;1;3;2;-;1;64.9;1;-;0.8;0.8;1.2;-;0.1;0.4;0.1;-;0.7;2;0.8;0.3;1;1.1;13;0.2;0.2;-
Marcel Hilßner;Werder Bremen;de;22;Midfielder;183;79;0(1);34;-;-;-;-;-;71.4;1;-;-;1;-;-;-;-;-;-;-;-;1;-;1;1;7;-;1;-
Maximilian Eggestein;Werder Bremen;de;20;DMC;181;75;2(5);173;-;-;-;-;0.3;78.3;0.4;-;0.7;0.4;0.4;-;0.1;0.3;-;-;0.6;0.1;0.3;-;0.4;0.4;8.6;-;0.4;-
Lukas Fröde;Werder Bremen;de;22;DMC;192;85;1(7);115;-;-;-;-;0.1;55.3;0.8;-;0.5;0.5;0.6;-;0.3;0.4;-;-;-;-;0.3;-;0.1;0.3;5.9;-;0.1;-
Philipp Bargfrede;Werder Bremen;de;28;M(C);174;71;14;1185;-;1;2;1;0.9;73.5;2.1;-;3.4;3.4;1.9;0.2;0.9;1.6;0.5;-;0.4;0.3;1.4;-;0.4;0.8;36.9;-;2.1;0.1
Alejandro Gálvez;Werder Bremen;es;28;D(C),M(C);190;79;15(6);1275;1;-;3;-;0.2;73.7;1.4;-;1.4;2.7;1;0.5;3;0.7;0.4;1;0.1;0.1;0.3;-;0.1;0.3;24.2;-;3.8;-
Assani Lukimya;Werder Bremen;de;31;D(C);190;89;10(2);913;-;-;3;-;0.4;69.8;4;1;2.1;1.7;1.8;0.8;3.8;0.5;0.5;-;-;0.2;0.8;-;0.4;0.3;32.3;-;3.8;-
Michael Zetterer;Werder Bremen;de;22;Goalkeeper;187;79;1;1;-;-;1;-;-;-;-;-;-;-;-;-;-;-;-;-;-;-;-;-;-;-;-;-;-;-
Melvyn Lorenzen;Werder Bremen;de;22;Forward;188;86;1(8);145;-;-;-;-;0.1;48;0.1;-;0.2;0.4;0.6;-;0.1;0.7;-;-;-;0.3;0.4;-;0.4;0.1;2.8;0.1;-;-
Claudio Pizarro;Werder Bremen;pe;38;AM(C),FW;184;84;17(11);1742;14;3;3;-;1.6;68.4;2.3;2;0.6;0.9;1.1;-;0.4;0.3;-;-;1.1;1;0.8;0.7;1.8;1.5;21.5;0.1;1;-
Clemens Fritz;Werder Bremen;de;36;D(R),DMC;183;81;29;2528;1;2;13;-;0.9;73.9;1.2;1;2.8;2.3;1.5;-;1.3;1.2;0.4;-;0.5;1.4;2.7;-;1.4;1;34.7;0.1;3.1;-
Zlatko Junuzovic;Werder Bremen;at;29;M(CLR);172;69;26(4);2355;4;10;6;-;2;68.8;0.4;3;1.7;1.7;1.5;-;0.4;1.2;0.2;-;2.8;0.6;1.8;0.1;1;1.4;30.8;2;1.9;-
Janek Sternberg;Werder Bremen;de;24;D(L);182;77;4(5);444;-;-;2;-;0.2;66.7;1.2;-;0.8;1.8;1.2;0.4;1.2;0.6;0.2;-;0.2;0.4;0.9;-;0.2;0.3;17;0.1;1;-
Leon Guwara;Werder Bremen;de;21;D(L);185;83;1;90;-;-;-;-;-;64.7;4;-;3;3;2;1;1;1;-;-;-;2;4;-;-;3;34;-;2;-
Florian Grillitsch;Werder Bremen;at;22;DMC,M(L);187;74;23(2);1989;1;2;3;-;1.2;74.7;1.6;-;2.3;3.4;0.8;-;0.6;1.4;0.2;-;1;0.4;1.6;0.1;0.7;1;35;0.5;3;-
Theodor Gebre Selassie;Werder Bremen;cz;30;D(R),DMC,M(R);181;71;33;2961;1;2;5;-;0.5;73.8;3.8;-;2.4;2.9;1.3;0.2;2.9;0.7;0.2;1;0.8;0.6;1.5;0.1;0.6;0.6;30.2;0.4;1.2;-
Oliver Hüsing;Werder Bremen;de;24;Defender;193;88;0(1);6;-;-;-;-;-;50;-;-;-;-;-;-;1;-;-;-;-;-;-;-;-;-;2;-;1;-
Felix Kroos;Werder Bremen;de;26;M(C);184;78;2(6);254;-;-;-;-;0.9;71.7;0.6;-;1.1;1.4;0.9;-;0.6;0.8;-;-;0.4;0.4;0.6;-;0.4;0.1;12.4;-;0.5;-
Håvard Nordtveit;Borussia M.Gladbach;no;27;D(CR),DMC;188;83;27(4);2449;4;1;4;-;0.7;82.4;2.8;-;1.2;1.9;0.9;0.4;2.8;0.4;0.6;-;0.3;0.3;0.7;-;0.1;0.5;55.7;0.1;4.7;-
Yann Sommer;Borussia M.Gladbach;ch;28;GK;183;79;32;2880;-;-;2;-;-;69.3;0.5;-;-;-;-;-;0.3;-;-;-;-;-;0.1;-;-;-;39.2;-;7;-
Josip Drmic;Borussia M.Gladbach;ch;25;AM(LR),FW;183;81;4(9);441;1;-;-;-;0.6;71.5;0.5;-;0.5;0.2;0.8;-;0.1;0.1;0.2;-;0.1;0.4;0.2;0.2;0.4;1.3;10.5;-;0.4;-
Jonas Hofmann;Borussia M.Gladbach;de;25;AM(CLR);176;70;2(6);215;-;-;-;-;1.3;85.9;0.1;-;0.4;0.3;0.3;-;-;0.1;-;-;0.5;-;0.5;0.1;0.6;0.6;16;-;0.3;-
Tony Jantschke;Borussia M.Gladbach;de;27;D(CR),DMC;177;76;8(4);749;-;-;2;-;0.3;82.7;2.6;-;2;1.9;0.7;0.5;2.8;0.4;0.1;-;0.1;0.1;1.1;-;-;0.1;48.1;-;2.4;-
Martin Stranzl;Borussia M.Gladbach;at;37;D(C);191;83;2(2);164;-;-;-;-;-;89.1;3.3;-;1;0.3;1;0.3;1.5;1;-;-;-;-;0.8;-;-;-;29.8;-;0.8;-
Julian Korb;Borussia M.Gladbach;de;25;D(R),M(R);177;70;14(3);1267;1;1;4;-;0.4;76.3;0.5;-;1.5;1.8;1;0.1;1.5;1.1;0.2;-;0.4;0.4;0.8;0.1;0.5;0.6;37.9;0.1;1.2;0.1
Lars Stindl;Borussia M.Gladbach;de;28;M(CR),FW;181;80;29(1);2597;7;8;5;-;2.2;80.3;1.5;1;1.5;1.4;2.3;-;0.6;1;0.2;-;1.8;1.2;2;0.5;1.4;1.4;47.3;0.1;1.4;0.2
Thorgan Hazard;Borussia M.Gladbach;be;24;AM(CLR),FW;174;69;19(10);1647;4;3;4;-;1.6;75.4;0.7;2;1.4;0.9;1.6;-;0.2;1;-;-;1.2;1.4;0.8;0.4;0.8;0.9;26.7;0.7;1;-
Martin Hinteregger;Borussia M.Gladbach;at;24;D(C);184;83;6(4);658;-;-;-;-;0.4;76.7;2.5;-;2.3;1.7;0.4;0.4;1.5;0.7;0.3;2;0.4;0.1;0.2;-;0.4;0.4;41.7;0.1;2.6;-
Granit Xhaka;Borussia M.Gladbach;ch;24;M(C);185;82;28;2368;3;1;5;3;1.2;85.1;3.4;1;2.4;2.7;2.6;0.1;1.6;0.8;0.3;-;0.8;1;1.8;-;0.8;1;82.7;-;7.4;0.1
Roel Brouwers;Borussia M.Gladbach;nl;35;D(C);192;82;3(5);289;-;-;-;-;0.1;93.4;1.6;-;0.3;0.8;0.3;0.4;1.6;-;0.3;-;0.1;0.3;0.3;0.1;0.1;0.1;22.9;-;1.4;-
Raffael;Borussia M.Gladbach;br;32;AM(CL),FW;174;69;30(1);2690;13;10;2;-;2.3;81.8;0.4;6;1.2;0.8;0.6;-;-;1;0.1;-;1.8;2.5;2;0.5;1.2;1.4;38;0.4;1.1;-
Andreas Christensen;Borussia M.Gladbach;dk;21;D(C);188;78;31;2790;3;1;1;-;0.5;87.6;2.9;-;1.4;2.7;0.4;0.8;4.2;0.4;0.6;1;0.1;0.2;0.7;-;-;0.3;59.8;-;3.1;-
Oscar Wendt;Borussia M.Gladbach;se;31;D(L),M(L);181;82;30;2638;3;2;5;-;0.7;79.6;1.3;1;1.7;2.2;0.7;0.1;1.8;0.5;0.2;-;0.9;0.6;0.5;0.2;0.4;0.9;47.6;0.5;1.7;-
Patrick Herrmann;Borussia M.Gladbach;de;26;M(LR),FW;179;70;5(13);629;3;1;-;-;0.7;71.1;0.5;1;0.7;0.5;0.4;-;0.2;0.4;-;-;0.7;0.5;1.2;-;0.3;0.6;11.2;0.2;0.2;-
Mahmoud Dahoud;Borussia M.Gladbach;de;21;M(C);177;69;27(5);2084;5;8;4;-;1.2;83.5;0.6;2;2.2;1.8;1.7;-;0.4;1.1;0.1;-;1;1;1.2;0.1;0.9;1.1;40.5;-;2.2;0.1
André Hahn;Borussia M.Gladbach;de;27;AM(R),FW;185;80;7(8);739;8;1;1;-;1.7;61.4;2.9;3;0.9;0.7;1.7;-;0.1;0.5;-;-;0.5;0.3;1.1;0.8;0.5;1.2;16.6;-;0.3;-
Marvin Schulz;Borussia M.Gladbach;de;22;Midfielder;186;77;4(4);394;-;1;-;-;0.1;91.1;1.6;-;1.3;1.5;0.6;0.9;1.4;0.6;0.4;-;0.1;-;0.3;-;0.4;-;33.9;-;1;-
Branimir Hrgota;Borussia M.Gladbach;se;24;FW;185;76;0(9);73;-;-;-;-;0.2;77.5;0.2;-;-;0.1;0.3;-;-;0.1;-;-;-;0.4;0.3;0.3;0.3;0.3;4.4;-;-;-
Ibrahima Traoré;Borussia M.Gladbach;gn;29;AM(LR);171;61;17(7);1471;3;1;1;-;1.7;77.8;0.3;2;1.9;0.8;0.7;-;0.3;1;0.1;-;1.5;3.1;1.5;0.2;0.9;1;28.1;1.3;1.4;-
Nico Schulz;Borussia M.Gladbach;de;24;D(L),M(L);180;78;0(1);19;-;-;-;-;-;71.4;-;-;-;-;-;-;-;-;-;-;-;1;-;-;-;-;7;-;-;-
Tobias Sippel;Borussia M.Gladbach;de;29;GK;183;78;2;180;-;-;-;-;-;72.1;0.5;-;-;-;-;-;-;-;-;-;-;-;-;-;-;-;34;-;4.5;-
Álvaro Domínguez;Borussia M.Gladbach;es;28;D(CL);189;83;5(1);472;-;-;1;-;-;80.3;3.2;-;0.8;1.3;0.7;1;2.8;0.3;0.7;-;0.2;0.2;1.3;0.2;0.2;0.2;51.7;-;2.8;-
Nico Elvedi;Borussia M.Gladbach;ch;20;D(CR);188;78;17(4);1548;-;2;2;-;0.1;83.1;2.7;-;1.8;2.3;0.8;0.6;3.1;0.3;0.3;-;0.2;0.4;0.8;-;0.2;0.7;44.6;-;1.2;-
Fabian Johnson;Borussia M.Gladbach;us;29;D(LR),M(CLR);183;74;25(1);2161;6;4;2;-;1;77.1;1.1;-;1;1.2;0.6;0.1;0.7;0.2;0.1;-;1.1;0.8;1;0.3;1;1.2;33.9;-;0.7;-
Julian Draxler;Schalke 04;de;23;AM(CLR);187;76;3;253;1;-;1;-;3.3;81.8;1.7;1;0.7;1;1.3;-;-;0.7;-;-;0.7;4;1;0.3;1;0.7;36.7;0.3;5.7;-
Joel Matip;Schalke 04;cm;26;D(C);195;90;34;3060;3;3;3;-;0.9;83.5;3.5;2;1.6;3.1;1.5;0.5;5.4;0.3;1;-;0.4;0.4;0.7;0.1;0.2;0.3;50.1;-;4.1;0.1
Leroy Sané;Schalke 04;de;21;M(LR);183;75;23(10);2314;8;6;4;-;2.1;77.5;0.9;2;1.8;0.8;1;-;0.1;1.2;-;-;0.8;2.8;1.3;0.3;1.8;2.5;18.8;-;0.5;-
Sead Kolasinac;Schalke 04;ba;24;D(L),M(L);183;85;18(5);1571;1;-;5;-;0.5;73.1;2.2;-;2;1.7;1.5;0.1;1.9;0.6;0.3;-;0.7;0.3;0.7;0.2;0.3;0.8;34.9;0.3;1.4;-
Younès Belhanda;Schalke 04;ma;27;M(CL);177;78;8(7);813;2;1;2;-;0.9;80.9;0.7;1;1.4;1.1;1;-;0.1;1.1;-;-;1.3;1;0.9;0.1;1.1;1.3;26.5;0.1;1.1;0.2
Klaas-Jan Huntelaar;Schalke 04;nl;34;FW;186;83;29(2);2483;12;3;2;-;2.3;72.7;2.4;3;0.2;0.3;1.6;-;0.6;0.3;0.1;-;0.8;0.5;1.3;0.7;1.2;1.5;16.9;0.1;0.2;-
Fabian Reese;Schalke 04;de;19;FW;187;80;0(1);3;-;-;-;-;-;75;1;-;-;-;-;-;-;-;-;-;1;-;-;-;-;-;4;-;-;-
Sidney Sam;Schalke 04;de;29;M(R);174;68;0(2);15;-;-;-;-;1.5;60;-;-;-;-;-;-;-;0.5;-;-;-;0.5;0.5;-;-;-;5;-;-;-
Benedikt Höwedes;Schalke 04;de;29;D(CLR);187;82;10(5);896;1;-;4;-;0.5;86.8;2.1;1;0.9;2.1;0.5;0.3;2.8;0.2;0.4;-;0.3;-;0.5;0.1;-;0.3;33.9;0.1;1.9;-
Alexander Nübel;Schalke 04;de;20;Goalkeeper;193;85;0(1);1;-;-;-;-;-;-;-;-;-;-;-;-;-;-;-;-;-;-;-;-;-;-;-;-;-;-
Leon Goretzka;Schalke 04;de;22;M(CR);189;79;23(2);1993;1;3;5;-;1.5;81.6;1.6;3;2.6;3;1.2;0.1;1.7;1.5;0.5;1;1;1.2;1.4;-;0.9;0.9;38.1;-;1.7;0.2
Ralf Fährmann;Schalke 04;de;28;GK;196;95;34;3060;-;-;1;-;-;64.4;0.4;2;-;0.1;-;-;1.2;-;-;-;-;-;0.1;-;-;-;33.9;-;9.3;-
Roman Neustädter;Schalke 04;ru;29;D(C),M(C);190;83;26(4);2391;-;1;4;-;0.4;89.6;2.2;1;2;2.2;0.7;0.6;3.7;0.4;0.6;-;0.1;-;0.3;-;0.1;0.1;49.2;-;3.7;-
Júnior Caiçara;Schalke 04;br;28;D(R),M(R);173;70;22(1);1856;-;3;7;-;0.6;73.6;1.6;1;2.5;2;1.7;0.2;3;0.8;0.3;-;1.7;0.7;0.6;0.1;0.5;1.1;43.8;1;2.1;-
Kaan Ayhan;Schalke 04;tr;22;D(C),DMC;184;84;0(1);1;-;-;-;-;-;-;-;-;-;-;-;-;-;-;-;-;-;-;-;-;-;-;-;-;-;-
Marvin Friedrich;Schalke 04;de;21;Defender;193;80;0(2);3;-;-;-;-;-;-;-;-;-;-;-;-;-;-;-;-;-;-;-;-;-;-;0.5;-;-;-
Eric Maxim Choupo-Moting;Schalke 04;cm;28;M(CLR),FW;191;91;21(7);1865;6;2;1;-;1.8;72.5;2.8;3;1.3;1.2;1.6;-;0.8;0.7;0.1;-;1.3;3.1;1.6;0.5;1.5;2.1;24.9;0.5;0.9;-
Felix Platte;Schalke 04;de;21;FW;190;90;0(1);1;-;-;1;-;-;-;-;-;-;-;1;-;-;-;-;-;-;-;-;-;-;-;-;-;-;-
Alessandro Schöpf;Schalke 04;at;23;AM(R);178;73;5(8);470;3;1;1;-;1.1;74;0.9;-;0.8;0.3;0.5;-;0.5;0.5;0.1;-;0.6;0.5;0.9;0.4;1.6;0.6;13;0.3;0.2;-
Franco Di Santo;Schalke 04;ar;28;AM(L),FW;193;88;13(12);1297;2;1;3;-;0.9;63.5;1.9;-;0.6;0.3;1.3;-;0.6;0.4;0.1;-;0.6;0.5;0.6;0.2;0.6;1.4;12;0.2;0.4;-
Thilo Kehrer;Schalke 04;de;20;D(CR);186;76;0(1);1;-;-;-;-;-;-;-;-;1;-;1;-;-;-;-;-;-;-;-;-;-;-;1;-;-;-
Dennis Aogo;Schalke 04;de;30;D(L),M(CL);184;85;20(3);1850;-;1;4;-;0.3;84.7;1.4;-;1.2;1.8;1.1;-;2.3;0.4;0.3;-;1.1;0.2;0.6;0.1;0.2;0.5;41.8;1;2.4;-
Marco Höger;Schalke 04;de;27;D(R),M(C);182;83;3(2);189;-;-;2;-;0.4;73.7;1.4;-;1;0.4;1;-;0.6;0.2;-;-;-;-;1;-;0.2;0.2;23.6;-;1;-
Johannes Geis;Schalke 04;de;23;DMC;181;81;27(1);2334;2;5;4;1;1.6;81.3;1.3;-;2.1;1.5;1.5;-;1.4;1.2;0.2;-;2.1;0.3;1.9;-;0.4;0.6;56;1.8;6.9;-
Pierre-Emile Højbjerg;Schalke 04;dk;22;M(C);185;84;13(10);1274;-;1;3;-;1;87.4;0.9;-;1.4;2.3;1.1;-;0.5;0.8;0.2;-;0.3;0.9;1.3;-;0.9;1;34.7;0.2;2.1;-
Matija Nastasic;Schalke 04;rs;24;D(C);188;83;1;17;-;-;-;-;-;100;-;-;-;-;-;-;-;1;-;-;-;-;-;-;-;-;4;-;-;-
Max Meyer;Schalke 04;de;21;AM(CL),FW;173;67;27(5);2324;5;6;4;-;1.4;85.2;0.3;1;0.4;0.7;0.6;-;0.1;0.4;0.1;-;1.4;1.1;1.7;0.1;1.4;1.3;32.5;0.1;1;0.1
Sascha Riether;Schalke 04;de;34;D(R);174;70;14(3);1330;-;-;3;-;0.1;82.2;0.7;-;1.3;1.2;0.8;0.2;2.1;0.4;0.5;1;0.7;0.1;0.5;-;0.4;0.4;36.8;0.4;3;-
Marco Fabián;Eintracht Frankfurt;mx;28;AM(CR);170;65;9(2);802;-;2;2;-;1.7;78.9;0.8;1;1.1;0.7;1.5;-;0.3;0.7;0.1;-;1.8;1.4;1.9;0.1;1.2;1.4;36.6;1.1;1.2;-
Joel Gerezgiher;Eintracht Frankfurt;de;21;Midfielder;176;71;1(2);85;-;-;1;-;1.3;61.5;0.7;-;0.3;1;1;-;-;0.3;-;-;0.3;1;0.7;-;1;1.7;8.7;-;0.7;-
Luc Castaignos;Eintracht Frankfurt;nl;24;FW;188;78;12(7);942;4;1;1;-;0.9;69.9;1.2;2;0.4;0.3;1.7;-;0.1;0.2;-;-;0.5;0.7;0.8;1;0.9;0.8;10.3;-;0.2;-
Gian-Luca Waldschmidt;Eintracht Frankfurt;de;21;Forward;181;75;0(12);229;-;1;-;-;0.4;68.2;0.4;-;0.1;0.3;0.6;-;0.1;0.2;-;-;0.8;0.3;0.5;-;0.4;0.4;7.3;-;0.1;0.1
David Abraham;Eintracht Frankfurt;ar;31;D(C);188;83;28(3);2548;-;-;8;-;0.4;80.5;3.5;1;1.2;2.5;1.1;1.4;3.8;0.7;0.4;-;0.2;0.2;0.7;-;0.2;0.1;37;-;2.7;-
Marc Stendera;Eintracht Frankfurt;de;21;M(C);173;73;24(2);2051;2;1;9;-;1.5;76.6;0.7;1;3.2;2;1.8;-;0.3;1.8;0.1;-;1;1.7;1.5;-;1.7;1.2;39.3;0.8;2.3;0.1
Stefan Reinartz;Eintracht Frankfurt;de;28;M(C);189;87;14(1);1198;1;1;2;-;0.5;84.3;1.4;-;1.3;3.2;1.5;-;0.9;1.6;0.3;-;0.5;0.5;0.3;-;0.7;0.7;57.6;-;3;-
Nico Rinderknecht;Eintracht Frankfurt;de;19;Midfielder;184;79;0(1);5;-;-;-;-;-;100;-;-;-;-;-;-;-;-;-;-;-;-;-;-;-;-;2;-;-;-
Vaclav Kadlec;Eintracht Frankfurt;cz;25;AM(R),FW;181;77;2(3);110;-;-;1;-;0.4;81.3;0.4;-;0.6;0.4;1;-;-;0.4;-;-;-;-;0.6;-;-;0.4;3.2;-;0.2;-
Constant Djakpa;Eintracht Frankfurt;ci;30;D(L);177;74;8(4);752;-;-;2;-;0.3;67.4;0.4;1;1;2.3;0.4;0.5;2.2;0.3;-;-;0.7;0.3;0.9;-;0.6;0.4;25.8;0.5;1.4;-
Aleksandar Ignjovski;Eintracht Frankfurt;rs;26;D(LR),M(C);175;71;13(5);1221;-;2;3;-;0.5;66.1;1.6;-;2.2;2.1;0.8;0.5;0.9;1.2;0.2;-;0.5;0.9;1.4;-;0.9;0.6;26.2;0.6;0.9;-
Stefan Aigner;Eintracht Frankfurt;de;29;AM(CLR),FW;183;73;27(4);2405;3;3;7;-;1.4;72;1.7;-;1.6;1;1.6;-;0.4;0.6;-;-;0.8;0.5;1.7;1.1;1.1;1.3;22.6;0.4;0.5;-
Slobodan Medojevic;Eintracht Frankfurt;rs;26;DMC;182;77;6(8);556;1;-;-;1;0.1;78.4;0.7;-;1.1;0.7;1;-;0.4;0.6;-;-;0.1;0.1;0.6;0.1;0.3;0.1;17.9;-;0.4;-
Alexander Meier;Eintracht Frankfurt;de;34;M(C),FW;196;96;19;1658;12;1;-;1;2.6;66.9;5.4;3;0.3;0.7;0.9;-;1.5;0.3;-;-;0.9;0.3;0.5;0.6;0.5;1;26.3;-;0.6;0.1
Bastian Oczipka;Eintracht Frankfurt;de;28;D(CL),M(L);185;85;30;2700;-;-;7;-;0.3;78.4;1.2;-;1.9;2.6;0.9;0.2;1.6;0.4;0.3;-;0.7;1.3;1.1;-;0.8;0.8;42.4;0.7;1.3;-
Lukás Hrádecky;Eintracht Frankfurt;fi;27;GK;190;80;34;3060;-;-;-;-;-;58.1;0.4;1;-;-;-;-;1.4;0.1;-;-;-;-;0.1;-;-;-;34.5;-;9.9;-
Takashi Inui;Eintracht Frankfurt;jp;29;AM(CL);169;63;1;46;-;-;-;-;-;66.7;-;-;1;1;1;-;-;1;-;-;1;-;1;-;1;-;9;1;1;-
Johannes Flum;Eintracht Frankfurt;de;29;D(C),M(C);190;82;1(4);137;-;1;-;-;0.4;69.7;0.6;-;0.4;0.8;0.4;-;-;0.2;-;-;0.4;0.2;1;-;0.4;0.2;15.2;-;0.6;-
Änis Ben-Hatira;Eintracht Frankfurt;tn;29;M(CLR);181;82;7(2);608;1;1;2;-;1.3;69;0.8;-;1;0.6;1.6;-;0.6;0.6;-;-;0.4;1.7;1.7;0.4;1.8;2.2;17.2;0.3;0.7;-
Carlos Zambrano;Eintracht Frankfurt;pe;28;D(C);185;83;21(3);1793;-;-;8;1;0.2;84.5;2.1;-;1;2.5;1.4;0.9;3.2;1;0.4;-;-;0.5;2.4;-;0.3;0.3;37.6;-;1.9;-
Makoto Hasebe;Eintracht Frankfurt;jp;33;D(CR),M(CR);180;72;31(1);2674;1;2;9;-;0.2;75.7;1.6;-;1.7;1.7;1.1;0.1;1.3;1.1;0.3;-;0.9;0.3;1.4;-;0.8;0.6;39.7;0.2;2;-
David Kinsombi;Eintracht Frankfurt;de;21;D(C);183;74;1(1);91;-;-;-;-;-;60;-;-;1.5;2;-;1;5;0.5;0.5;-;-;-;-;-;-;-;10;-;1;-
Szabolcs Huszti;Eintracht Frankfurt;hu;34;M(CLR);173;72;14(1);1184;1;2;5;-;1.3;75.6;1.8;1;2.4;1.5;2.3;-;0.7;0.9;0.1;-;2.2;0.6;2.3;0.1;1.2;1.3;39.1;1.5;1.3;-
Haris Seferovic;Eintracht Frankfurt;ch;25;AM(LR),FW;185;85;25(4);2211;3;5;10;-;2;65.4;3.4;1;0.4;0.4;1.7;-;0.6;0.6;-;-;0.9;0.8;1;1.1;1.3;1.5;30.2;0.3;0.9;-
Mijat Gacinovic;Eintracht Frankfurt;rs;22;AM(CL);175;66;4(3);330;-;-;1;-;0.6;65.4;0.4;-;1.1;1.3;0.6;-;-;0.7;0.1;-;0.4;0.4;1.3;0.1;0.7;1;15.3;0.4;0.4;-
Timothy Chandler;Eintracht Frankfurt;us;27;D(R),M(R);186;84;5(7);665;-;-;4;-;0.3;67.8;1;-;1.1;1.7;1.1;0.2;0.8;0.5;0.3;-;0.1;0.1;1;-;0.3;0.3;17.8;0.5;0.5;-
Sonny Kittel;Eintracht Frankfurt;de;24;AM(CL);179;71;1(7);272;-;-;-;-;0.9;69.4;-;-;0.8;0.5;0.5;-;-;0.8;0.1;-;0.1;0.4;1.1;0.1;0.6;0.9;10.6;0.3;0.1;-
Kaan Ayhan;Eintracht Frankfurt;tr;22;D(C),DMC;184;84;1(1);79;-;-;1;-;-;82.9;0.5;-;1;0.5;0.5;0.5;3;-;1;-;-;-;0.5;0.5;-;-;17.5;-;1.5;-
Yanni Regäsel;Eintracht Frankfurt;de;21;D(R);176;72;9(1);812;-;-;1;-;0.3;74.4;0.6;-;1;1.4;0.6;0.3;1.5;1;0.1;-;0.5;0.2;0.8;0.1;0.1;0.7;27;0.2;1.4;-
Marco Russ;Eintracht Frankfurt;de;32;D(C),DMC;190;88;26(2);2350;3;2;9;-;0.8;79.1;3.4;1;1.1;2.3;0.9;0.9;3.2;0.6;0.5;-;0.2;0.3;1;0.1;0.3;0.7;36.9;-;1.4;-
Stefan Kießling;Bayer Leverkusen;de;33;FW;191;81;19(11);1885;5;3;1;-;1.4;60;7;5;1.1;0.5;1.5;-;0.8;0.7;-;-;0.5;0.7;2.2;0.5;1.8;1.3;22.2;-;0.2;-
Bernd Leno;Bayer Leverkusen;de;25;GK;190;83;33;2970;-;-;-;-;-;62.7;0.5;1;-;0.2;-;-;0.9;-;-;1;-;-;0.1;-;-;-;28.2;-;7.5;-
Dario Kresic;Bayer Leverkusen;hr;33;Goalkeeper;196;96;1;47;-;-;-;-;-;50;-;-;-;-;-;-;-;-;-;-;-;-;-;-;-;-;18;-;8;-
David Yelldell;Bayer Leverkusen;us;35;Goalkeeper;194;92;0(1);43;-;-;-;-;-;25;-;-;-;-;-;-;-;-;-;-;-;-;-;-;-;-;20;-;5;-
Jonathan Tah;Bayer Leverkusen;de;21;D(C);194;95;29;2566;-;-;2;-;0.5;79;3.6;-;1.4;3.1;0.8;0.8;4.3;0.7;0.3;-;0.2;0.5;0.8;-;0.4;0.5;42.1;-;3.1;-
Lars Bender;Bayer Leverkusen;de;28;D(R),M(C);185;81;11;887;1;1;3;-;1;78.7;4;3;4.7;3.4;2;0.2;1.5;1.5;0.1;-;0.7;0.5;1.2;0.2;0.5;0.7;48.3;0.1;2;0.1
Sebastian Boenisch;Bayer Leverkusen;de;30;D(CL);191;90;7(1);548;1;-;1;1;1;64.2;4.4;-;2.3;3.1;1.1;-;2.4;0.4;0.5;-;0.4;0.4;0.6;0.1;0.1;1;38.4;0.3;2.6;-
Robbie Kruse;Bayer Leverkusen;au;28;AM(CLR),FW;179;70;2(7);344;-;-;2;-;0.6;72;0.4;-;0.3;1;0.7;-;0.2;0.3;-;-;0.6;0.2;1.4;0.7;0.4;0.7;13.9;0.1;-;-
Christoph Kramer;Bayer Leverkusen;de;26;DMC;191;76;28;2400;-;1;3;-;0.3;83.3;2.3;-;2.8;1.6;1.5;-;1;1.6;0.1;-;0.6;1.1;1.2;0.1;1.3;1;55.5;0.1;2.6;-
Wendell;Bayer Leverkusen;br;24;D(L);176;71;26(2);2407;-;-;9;1;0.7;75;1.6;-;2.9;3.6;2;0.2;2.6;1.2;-;-;0.7;0.9;1.4;-;0.8;1.3;45.5;0.2;2.3;-
Vladlen Yurchenko;Bayer Leverkusen;ua;23;M(C);181;74;3(4);292;1;-;2;-;0.7;81.3;1;-;0.3;2;1.3;-;0.4;1;-;-;0.6;-;0.3;-;0.4;0.1;22.1;-;2.3;-
Kyriakos Papadopoulos;Bayer Leverkusen;gr;25;D(C);185;87;10(6);935;-;-;4;1;0.8;74.5;4;1;1.8;1.8;0.9;0.3;3.8;0.8;0.8;-;0.2;0.1;0.4;-;0.2;0.2;23.8;-;0.9;-
Giulio Donati;Bayer Leverkusen;it;27;D(R);178;76;10(2);932;-;1;4;-;0.3;69;1.3;-;2;2.4;1.1;0.2;1.9;0.8;0.3;-;0.5;0.3;2;-;0.1;0.5;33.9;0.5;2.5;-
André Ramalho;Bayer Leverkusen;br;25;D(C),DMC;182;78;11(8);1122;-;-;5;-;0.4;81.3;2.1;-;1.4;1.7;0.8;0.4;3.4;0.9;0.3;-;0.1;0.1;0.4;0.1;0.4;0.4;32.4;-;3.1;-
Ömer Toprak;Bayer Leverkusen;tr;28;D(C);186;83;17(2);1412;1;-;2;-;0.6;76.2;2.9;2;1.9;2.4;1.1;0.5;3.9;0.6;0.7;-;0.3;0.3;0.6;0.1;0.2;0.4;38.9;-;3.7;0.1
Son Heung-Min;Bayer Leverkusen;kr;25;AM(CLR),FW;183;79;1;64;-;-;-;-;2;76.5;1;-;-;1;1;-;-;-;-;-;-;2;-;-;3;1;17;-;1;-
Roberto Hilbert;Bayer Leverkusen;de;32;D(R);183;80;9(3);766;-;1;1;-;0.3;64.4;2;-;1.8;2.1;1;0.1;2.2;1.8;0.3;-;0.5;1.3;0.6;-;0.6;0.7;29.8;0.3;2.5;-
Benjamin Henrichs;Bayer Leverkusen;de;20;D(LR);183;77;5(4);538;-;1;1;-;-;72.4;1.2;-;3.8;3.3;0.9;0.1;1.7;0.8;0.2;-;0.3;-;1.1;-;0.3;0.8;20.1;-;1.4;-
Hakan Calhanoglu;Bayer Leverkusen;tr;23;M(CLR),FW;178;76;27(4);2265;3;5;1;-;2.8;74.3;1.2;2;1.3;1.2;1;-;0.5;0.8;-;-;2.6;1;1;0.1;1.5;1.9;40.5;1.8;3;0.1
Marlon Frey;Bayer Leverkusen;de;21;DMC;180;78;2(7);243;-;-;1;-;1;70.6;0.8;-;0.4;0.8;0.6;-;0.4;0.3;-;-;0.1;0.2;0.3;-;-;0.1;9.4;-;1.1;-
Admir Mehmedi;Bayer Leverkusen;ch;26;AM(CLR),FW;183;78;14(14);1330;2;5;2;-;1;75.7;0.6;1;0.7;0.4;1;-;0.2;0.4;-;-;1.2;1.3;0.8;0.3;1.3;1;18.8;0.4;0.3;-
Karim Bellarabi;Bayer Leverkusen;de;27;AM(CLR),FW;183;80;31(2);2607;6;11;5;-;2.2;69.7;0.1;1;1.6;0.9;2;-;0.2;1.1;-;-;1.3;2.6;1.8;0.9;2.4;1.6;24.5;0.2;0.7;-
Chicharito;Bayer Leverkusen;mx;29;FW;175;73;25(3);2174;17;2;6;-;2.3;74.2;1.2;-;0.5;0.3;0.9;-;0.2;0.2;-;-;1;0.8;1.9;1.3;1.1;1.9;19.1;0.1;0.3;-
Julian Brandt;Bayer Leverkusen;de;21;AM(LR),FW;183;82;18(11);1626;9;3;-;-;1;75.9;0.9;2;0.5;0.6;0.4;-;0.1;0.6;-;-;1.2;1;0.7;0.2;1.6;1.4;23.8;0.4;0.7;0.1
Tin Jedvaj;Bayer Leverkusen;hr;21;D(CR);184;81;11(4);956;-;-;5;1;0.2;69.3;2.1;-;1.1;2.1;1;0.1;2.5;0.8;0.2;-;0.3;0.5;0.7;-;0.4;0.7;23.7;0.1;1.4;-
Charles Aránguiz;Bayer Leverkusen;cl;28;M(C);171;71;5(2);469;2;1;1;-;1.7;81.7;-;-;0.9;2.6;1.9;-;1.1;1.6;0.4;-;0.7;0.3;1.4;-;0.4;0.9;28.9;0.3;2.9;-
Kevin Kampl;Bayer Leverkusen;si;26;M(CLR);178;67;19(3);1746;3;2;4;-;1.3;82.1;0.9;-;1.8;2.8;1.5;-;0.6;1.1;0.3;-;0.9;1.2;0.7;-;1.2;1.2;47;0.1;2.2;0.2
Ragnar Klavan;Augsburg;ee;31;D(C);187;85;31;2787;-;-;2;-;0.3;85.3;2.3;1;1.3;1.4;0.8;0.4;5.8;0.3;0.9;-;0.2;0.3;0.5;-;0.1;0.2;48.4;0.1;4.1;-
Alexander Esswein;Augsburg;de;27;AM(LR);183;85;22(7);1809;3;1;1;-;1.6;71.5;0.9;1;1.3;1.2;1.1;-;0.2;0.6;-;-;1.1;1.1;1;0.4;0.5;1.1;17.4;0.5;0.3;-
Albian Ajeti;Augsburg;ch;20;Forward;183;77;0(1);36;-;-;-;-;-;66.7;1;-;1;-;2;-;-;-;-;-;-;-;-;-;1;-;3;-;-;-
Halil Altintop;Augsburg;tr;34;AM(C),FW;186;75;15(4);1206;1;2;1;-;0.7;78.5;0.4;-;1.1;0.3;0.6;-;0.3;0.4;-;-;0.8;0.6;0.9;0.2;1.2;1.3;19.8;0.1;1.1;0.1
Alfred Finnbogason;Augsburg;is;28;FW;184;80;13(1);1133;7;1;3;-;2.4;69.2;1.4;-;1.1;1;1.6;-;0.7;0.6;0.1;-;1;0.6;0.6;0.8;1.4;1.5;20.6;-;0.5;-
Hong Jeong-ho;Augsburg;kr;28;D(C);186;80;19(4);1714;2;-;4;-;0.7;83.4;3;1;1;1.9;0.9;0.4;5;0.4;0.8;-;0.1;0.2;0.4;-;-;0.3;40;-;4.5;-
Daniel Opare;Augsburg;gh;26;D(LR);175;74;4;360;-;-;2;-;0.5;68.5;1.5;-;1.3;2.5;1.3;0.3;4.8;0.3;-;-;0.5;1;1.8;-;0.5;1.3;22.3;0.5;1;-
Jeffrey Gouweleeuw;Augsburg;nl;26;D(C);188;78;11;990;-;-;2;1;0.2;78.4;2.3;-;1.8;2.1;1.5;0.6;5.9;0.7;1;-;0.5;0.2;0.5;-;0.3;0.4;45.5;-;4.9;-
Tim Matavz;Augsburg;si;28;FW;188;81;3(8);369;-;-;1;-;1.2;59.4;1.6;-;0.7;-;0.4;-;-;0.4;-;-;0.4;0.4;1.1;0.5;0.7;0.6;6.3;0.1;-;-
Philipp Max;Augsburg;de;23;D(L),M(L);177;77;23(3);2085;-;-;3;-;0.3;73.3;0.9;-;2.1;2;1.1;0.1;2.2;1.2;0.2;-;0.6;0.2;0.6;-;0.3;0.9;27.5;0.7;1.7;-
Raúl Bobadilla;Augsburg;py;30;AM(R),FW;181;88;19(8);1816;4;2;2;1;2.3;76.7;1.1;1;1;0.6;1.6;-;0.4;0.5;0.1;-;1.1;1.9;2;0.9;2;2.3;17.6;0.5;0.7;-
Jan-Ingwer Callsen-Bracker;Augsburg;de;32;D(C);188;84;8(2);741;1;-;1;-;0.5;83.4;1.9;-;1.1;2.5;1.4;0.4;4.2;0.6;1.2;-;0.1;-;0.4;-;-;0.3;35.5;-;3.8;-
Ja-Cheol Koo;Augsburg;kr;28;M(CLR);183;78;24(3);2081;8;1;6;-;1.5;79.7;2.6;2;1.9;1.5;1.3;-;0.8;0.7;0.1;-;1;1.1;1.6;-;1.6;1.5;30.2;0.2;1.1;-
Piotr Trochowski;Augsburg;de;33;M(CL);169;72;2(4);152;-;-;-;-;1;79;0.3;-;0.5;-;0.7;-;-;-;-;-;0.5;-;0.8;-;0.2;0.5;13.5;0.2;0.3;-
Alexander Manninger;Augsburg;at;40;GK;189;85;1(1);93;-;-;-;-;-;62.5;-;-;-;-;-;-;-;-;-;-;-;-;-;-;-;-;16;-;4;-
Paul Verhaegh;Augsburg;nl;33;D(R);178;74;25;2200;6;2;8;-;0.4;80.4;1.4;1;1;2;0.6;0.3;2;0.4;0.4;1;0.6;0.2;0.7;-;0.4;0.4;42;0.4;3.5;-
Sascha Mölders;Augsburg;de;32;FW;187;82;0(4);26;-;-;-;-;0.5;28.6;0.3;-;0.3;-;1;-;-;-;-;-;-;-;-;-;0.3;-;1.8;-;-;-
Dominik Kohr;Augsburg;de;23;DMC;183;79;30(1);2512;-;3;12;-;0.8;77.5;2;-;2;3;2.1;0.1;2.4;1.4;0.5;-;0.3;0.4;1.4;-;0.7;0.5;36.1;-;2.6;-
Daniel Baier;Augsburg;de;33;M(C);176;77;28;2334;1;2;7;-;0.6;77;1.8;2;1.7;2.4;1.1;-;1.7;1;0.2;-;1.8;0.3;1.7;-;0.5;0.7;52.7;1;4.8;-
Caiuby;Augsburg;br;29;AM(L),FW;184;85;25(1);2218;4;5;11;-;2.6;64.1;7.6;3;1.5;1.3;2.5;-;1.6;0.8;0.4;-;1.5;1.7;1.4;0.3;1.6;1.8;28.6;0.3;0.8;-
Konstantinos Stafylidis;Augsburg;gr;23;D(L),M(L);178;77;8(3);686;1;-;2;-;0.9;73.2;1.5;1;1.9;2.2;0.9;0.3;2.9;0.5;0.4;-;0.4;0.5;0.5;-;0.5;0.5;24.5;0.5;2.7;-
Jan Morávek;Augsburg;cz;27;M(C);180;77;3(8);393;1;-;-;-;0.5;75.1;1.2;-;0.8;0.7;0.8;-;0.1;0.8;-;-;0.5;0.3;0.2;-;0.6;0.4;16.8;-;0.4;-
Marwin Hitz;Augsburg;ch;29;GK;193;86;33;2967;-;-;2;-;-;63.4;0.4;3;-;-;-;-;0.7;0.1;-;-;-;-;0.2;-;-;-;32.8;-;10.1;-
Tobias Werner;Augsburg;de;32;AM(L);175;70;7(6);700;-;1;2;-;1.7;64.7;0.8;-;0.5;1.5;0.6;-;0.5;0.4;-;-;1.3;0.2;0.6;0.2;0.2;1;11.5;0.6;0.9;-
Markus Feulner;Augsburg;de;35;D(LR),M(CR);183;82;11(9);1082;1;-;5;-;0.7;72.8;0.9;-;2.1;1;1.5;0.2;1.5;0.9;0.2;-;0.4;0.6;0.9;-;0.6;0.9;17.1;0.4;0.8;-
Christoph Janker;Augsburg;de;32;D(C);185;78;3(9);367;-;-;2;-;0.1;83.1;0.5;-;0.6;0.5;0.5;-;1.5;0.2;0.5;-;-;-;0.6;-;0.2;0.1;12.3;-;0.9;-
Dong-Won Ji;Augsburg;kr;26;AM(CL),FW;188;81;7(14);786;-;-;2;-;0.6;74.6;1;-;0.4;0.4;1.1;0.1;0.3;0.2;0.1;-;0.6;0.2;0.6;0.1;0.7;0.7;14.4;0.1;0.4;-
Gotoku Sakai;Hamburger SV;jp;26;D(LR),DMC;176;74;21(1);1891;-;1;2;-;0.5;74.6;1.4;-;2.2;2.8;0.8;0.2;2.3;1;0.2;-;0.5;0.9;0.5;-;0.5;0.7;36.6;0.4;2.5;-
Tom Mickel;Hamburger SV;de;28;Goalkeeper;185;84;1;90;-;-;-;-;-;69.6;-;-;-;-;-;-;-;-;-;-;-;-;-;-;-;-;23;-;11;-
Lewis Holtby;Hamburger SV;de;26;M(CLR);176;72;34;2908;3;2;4;-;0.9;78.4;1.6;1;2.9;2;2.2;-;1.2;1.2;0.1;-;1.3;1.3;1.8;0.1;1.1;1;50.4;0.7;4;-
Ivo Ilicevic;Hamburger SV;hr;30;M(CLR);174;63;24(7);2153;4;2;3;-;1.4;74.4;1.2;2;1.8;1.3;1.3;-;0.3;1.2;0.1;-;0.8;1.5;1.4;0.2;0.7;1.3;24.7;0.3;0.7;-
Gojko Kacar;Hamburger SV;rs;30;D(C),M(C);185;85;12(7);1120;1;-;3;-;0.4;76.7;1.8;-;1.9;1.7;1.4;-;1.1;1.1;0.2;-;0.1;0.1;0.7;0.1;0.4;0.6;28.1;-;0.8;0.1
René Adler;Hamburger SV;de;32;GK;191;85;24;2072;-;1;3;1;-;49.1;0.7;1;-;-;0.2;-;0.9;0.1;-;-;0.1;-;0.1;-;-;-;30.9;-;7.9;-
Emir Spahic;Hamburger SV;ba;36;D(C);186;81;26;2268;-;1;7;1;0.3;76.4;3.8;2;1.7;3.1;1.2;0.9;5.3;0.5;0.5;-;0.1;0.3;0.3;-;0.2;0.5;50.4;-;4.1;-
Batuhan Altintas;Hamburger SV;tr;21;FW;190;85;0(1);26;-;-;1;-;1;66.7;2;-;-;-;2;-;-;-;-;-;-;-;-;-;-;1;6;-;-;-
Josip Drmic;Hamburger SV;ch;25;AM(LR),FW;183;81;5(1);420;1;-;2;-;1;61.2;1.8;-;1.2;1.5;0.7;-;0.7;1.7;0.2;-;0.7;1;0.5;0.2;1.2;2;22.3;-;0.5;-
Nabil Bahoui;Hamburger SV;se;26;Forward;188;84;2(4);210;-;-;1;-;0.5;68.8;0.3;-;1.5;0.3;1.5;-;0.3;0.2;0.2;-;0.3;0.8;0.2;-;1.2;0.8;8;0.8;0.8;-
Ivica Olic;Hamburger SV;hr;37;AM(LR),FW;182;85;0(9);168;-;-;-;-;0.6;65.9;0.4;-;0.1;-;0.6;-;0.3;0.3;-;-;0.1;0.1;-;0.1;-;0.2;4.9;-;-;-
Aaron Hunt;Hamburger SV;de;30;M(CR),FW;183;73;19(2);1659;1;2;2;-;1.1;75.1;1.1;1;1.2;1;1.2;-;0.3;0.6;0.1;1;1.9;1;1.7;0.2;1;1.3;36.8;1.1;1.9;-
Michael Gregoritsch;Hamburger SV;at;23;AM(CR),FW;193;87;15(10);1434;5;2;6;-;2;63.2;4.3;1;0.7;1.2;1.1;0.1;0.7;0.8;0.2;-;0.8;0.2;1.2;-;0.9;1.6;22.8;-;0.4;-
Pierre-Michel Lasogga;Hamburger SV;de;25;FW;189;88;21(9);1755;8;2;5;-;1.8;69;2.8;2;0.3;0.1;1.7;-;1.1;0.5;0.1;-;0.6;0.6;1;0.6;1.1;1.3;15.9;-;0.4;-
Johan Djourou;Hamburger SV;ch;30;D(C);191;87;26;2293;2;-;6;1;0.3;82.9;2.7;-;1.7;1.7;1.5;0.9;5;0.3;0.8;-;0.1;0.1;0.5;-;0.3;0.2;42.8;-;5.2;-
Zoltán Stieber;Hamburger SV;hu;28;AM(CLR);175;67;0(2);6;-;-;-;-;-;100;-;-;-;0.5;-;-;-;-;-;-;-;-;-;-;-;0.5;1.5;-;0.5;-
Marcelo Díaz;Hamburger SV;cl;30;DMC;166;63;4(7);460;-;-;1;-;0.9;86.2;0.4;-;0.8;0.8;0.7;0.1;0.5;1;-;-;0.5;0.4;0.5;-;0.2;0.4;34.3;-;2.4;-
Sven Schipplock;Hamburger SV;de;28;FW;186;84;9(11);921;-;4;3;-;0.6;65.1;1.9;-;0.6;0.5;1.6;-;0.7;0.5;0.1;-;0.7;0.3;1.2;0.2;0.3;1.1;12.8;-;0.1;-
Gideon Jung;Hamburger SV;de;22;D(C),DMC;189;76;13(6);1177;-;-;4;-;0.5;76.5;1.7;-;1.1;1.7;1.1;0.1;0.8;0.3;0.2;-;0.2;0.6;1.2;0.1;0.8;0.4;24.4;-;1.5;-
Ahmet Arslan;Hamburger SV;de;23;Midfielder;179;77;0(1);1;-;-;-;-;-;100;-;-;-;-;-;-;-;-;-;-;-;-;-;-;1;-;1;-;-;-
Jaroslav Drobny;Hamburger SV;cz;37;GK;192;90;9(1);846;-;1;1;-;-;51.7;0.2;1;-;-;-;-;0.4;-;-;-;0.1;0.1;0.1;-;-;-;28.6;-;8.9;-
Albin Ekdal;Hamburger SV;se;28;M(C);186;75;14;1143;-;-;4;-;0.4;76.9;3.4;1;1.9;3;1.9;0.1;1.6;1.1;0.1;1;0.3;0.9;2.7;-;0.6;0.6;43.9;-;1.6;-
Dennis Diekmeier;Hamburger SV;de;27;D(R);188;79;15(7);1442;-;-;1;-;0.2;78.8;0.9;-;1.5;1.5;0.5;0.1;1.1;0.6;0.2;-;0.5;0.7;0.8;0.1;0.4;1;22.1;0.5;0.9;-
Artjoms Rudnevs;Hamburger SV;lv;29;FW;183;81;6(5);600;2;1;1;-;1.4;60.4;1.9;-;0.4;0.1;1.2;-;0.8;0.1;0.2;-;0.4;0.1;0.5;0.6;0.7;1.9;14.5;0.1;0.4;-
Cléber;Hamburger SV;br;26;D(C);183;87;15(8);1467;1;-;2;-;0.7;77.9;3.2;1;1.9;2.6;1;0.6;3.8;0.7;0.5;-;-;0.7;0.7;-;0.2;0.4;32.8;-;2.5;-
Matthias Ostrzolek;Hamburger SV;de;27;D(L),DMC;178;72;32;2836;-;2;5;-;0.4;68.9;1.6;-;2.1;2.5;0.8;0.3;1.8;0.4;0.3;-;0.8;0.6;1.8;-;0.5;1.1;39.7;0.4;3;-
Nicolai Müller;Hamburger SV;de;29;M(CLR),FW;173;66;27(2);2163;9;5;6;-;1.3;68.2;1.2;2;2;1.1;2;-;0.4;1.5;-;-;1;1.2;1.1;0.3;0.8;1.6;21.9;0.1;0.2;-
Yunus Malli;Mainz 05;tr;25;AM(CL),FW;179;70;33(1);2796;11;4;-;-;1.9;73.3;0.5;3;0.5;0.4;0.5;-;0.2;0.4;-;-;1.3;1.7;1.3;0.3;1;1.5;25.6;0.1;0.7;0.1
Gonzalo Jara;Mainz 05;cl;31;D(CR),DMC;178;77;5(1);445;-;-;1;-;0.2;80;0.7;-;0.8;1.5;0.8;-;2;0.8;0.3;-;0.3;0.5;0.5;0.2;1;1.2;35.8;-;3.5;-
Ja-Cheol Koo;Mainz 05;kr;28;M(CLR);183;78;0(2);17;-;-;-;-;-;66.7;0.5;-;-;-;-;-;-;-;-;-;-;-;-;-;0.5;-;4.5;0.5;-;-
Stefan Bell;Mainz 05;de;25;D(CR);192;88;29(1);2635;1;2;3;-;0.8;79.1;3.4;-;1.4;3;1.6;0.8;5.2;0.6;0.7;1;0.2;0.4;0.5;-;0.1;0.5;52;-;5.1;-
Daniel Brosinski;Mainz 05;de;29;D(LR),M(R);178;70;24(6);2243;1;3;3;-;0.5;69.3;2;-;1.6;1.2;0.5;0.2;2.3;0.5;0.2;-;0.8;0.6;1;-;0.3;0.5;33.9;0.7;2.8;-
Leon Balogun;Mainz 05;ng;29;D(CR);190;88;17(4);1511;1;-;4;-;0.6;75.6;3.4;1;2;2.8;1.1;0.4;5.2;0.5;0.6;-;0.3;0.5;0.7;-;0.4;0.4;31.2;-;2.2;-
Devante Parker;Mainz 05;de;21;Midfielder;175;66;0(1);1;-;-;-;-;-;100;-;-;-;-;-;-;-;-;-;-;-;-;-;-;-;-;1;-;-;-
Christoph Moritz;Mainz 05;de;27;M(CR);186;80;3(5);246;-;-;-;-;0.1;83.7;1.1;-;1.8;0.5;0.9;-;0.1;0.9;0.4;-;-;0.3;0.3;-;0.3;0.8;15.4;-;0.5;-
Yoshinori Muto;Mainz 05;jp;25;FW;179;72;18(2);1497;7;2;2;-;1.7;64.6;2.2;2;1.2;0.7;2.3;-;0.1;0.6;-;-;0.7;1.2;1.1;1.2;1.4;1.7;13.6;0.1;0.3;-
Loris Karius;Mainz 05;de;24;GK;189;75;34;3060;-;-;1;-;-;54.1;0.3;1;-;0.1;-;-;0.7;0.1;-;-;-;-;0.1;-;-;-;32.4;-;7.6;-
Fabian Frei;Mainz 05;ch;28;M(C);183;77;11(7);962;-;2;1;-;0.6;76.3;1.3;-;1.3;1.8;1.2;-;1.3;0.6;0.4;-;0.5;0.3;0.2;-;0.3;0.4;24.4;0.2;1.5;-
Karim Onisiwo;Mainz 05;at;25;AM(LR);188;76;3(6);331;1;1;1;-;1.2;62.5;0.6;1;2;0.4;1;-;0.2;0.6;-;-;0.6;0.8;1;0.1;0.6;1.1;7.1;0.2;0.2;-
Philipp Klement;Mainz 05;de;24;Midfielder;174;71;0(2);28;-;-;-;-;0.5;85;-;-;0.5;-;-;-;-;0.5;-;-;-;0.5;-;-;0.5;-;10;-;-;0.5
Jhon Córdoba;Mainz 05;co;24;FW;185;85;14(8);1389;5;2;2;-;1.4;75.6;2.4;1;0.5;0.4;2.4;-;0.4;0.3;-;-;0.5;1.2;2.9;1.4;1.5;2.7;12.3;-;0.3;-
Pierre Bengtsson;Mainz 05;se;29;D(L);177;72;14(2);1274;-;-;1;-;0.3;69;1.8;-;1.1;1.5;0.9;0.2;2.4;0.6;0.2;-;0.5;0.3;0.8;0.1;0.4;0.6;34.1;0.3;1.8;-
Julian Baumgartlinger;Mainz 05;at;29;DMC;183;82;30(1);2716;2;1;7;-;0.4;83.5;2.4;-;3.7;2.5;1.9;-;1.9;2.2;0.3;-;0.7;0.5;1.8;-;0.7;1;48.2;-;2.7;-
Alexander Hack;Mainz 05;de;23;D(C);193;88;7;630;-;-;1;-;0.4;81.2;3.7;-;2.4;3;0.6;0.6;4.3;0.7;0.6;-;0.1;1;0.6;-;0.3;0.1;57.7;-;5.6;-
Jairo Samperio;Mainz 05;es;24;M(LR);173;69;26(5);2307;7;5;5;-;1.3;64.8;1;1;0.8;1.5;1.2;-;0.3;1.2;0.1;-;1;1.8;1.6;0.3;2.3;1.9;20;0.1;0.5;0.2
Suat Serdar;Mainz 05;de;20;DMC;183;75;2(10);200;-;-;-;-;0.3;81.8;0.3;-;0.6;0.7;0.7;-;0.2;0.4;-;-;0.1;0.4;0.3;-;0.1;0.3;6.4;-;0.8;-
Giulio Donati;Mainz 05;it;27;D(R);178;76;11;935;-;1;4;1;-;66.5;1.2;1;2.3;2.4;1.5;0.2;2.4;1.1;0.3;-;0.5;0.8;2.5;0.1;0.5;0.7;33.1;0.2;3.4;-
Maximilian Beister;Mainz 05;de;26;AM(LR),FW;180;81;0(1);5;-;-;-;-;-;-;-;-;-;-;-;-;-;-;-;-;-;1;1;-;-;-;1;-;-;-
Joo-Ho Park;Mainz 05;kr;30;D(L),DMC;176;73;1;90;-;-;-;-;-;91.9;-;-;6;3;1;2;2;1;-;-;-;2;1;-;1;-;37;1;3;-
Pablo De Blasis;Mainz 05;ar;29;AM(LR);166;65;18(8);1646;4;4;1;-;1.2;67.2;1.1;1;1.9;1.1;1;-;0.6;1.6;0.1;-;0.9;1.2;1.2;0.3;0.9;1.3;22.3;0.2;0.9;-
Florian Niederlechner;Mainz 05;de;26;FW;186;86;1(11);177;-;-;2;-;0.4;45.7;0.3;-;0.3;0.3;1;-;0.1;0.2;-;-;-;0.1;0.3;0.3;0.3;0.9;2.9;-;0.1;-
Christian Clemens;Mainz 05;de;26;M(LR);179;79;20(8);1723;5;3;1;-;1.6;66.7;0.3;1;1.1;1;1;-;0.4;1.5;-;-;1.1;0.6;0.8;-;0.5;1.1;16;0.9;0.5;-
Danny Latza;Mainz 05;de;27;DMC;179;76;20(7);1863;-;2;8;-;1;80.6;2;-;2.5;2.1;1.6;-;1.3;1.4;0.3;-;1.2;0.4;1.3;-;0.4;0.9;43.8;0.9;2.7;-
Gaëtan Bussmann;Mainz 05;fr;26;D(L);184;79;13;1170;1;-;3;-;0.5;61.6;2;1;2.7;3.2;1.3;0.3;2.6;1.5;0.4;-;0.8;0.4;0.7;0.2;0.3;0.7;33.1;0.2;2.1;-
Niko Bungert;Mainz 05;de;30;D(C);188;75;20(1);1747;-;-;2;-;0.2;83.2;3.4;-;1.1;2.3;0.8;0.9;3.4;0.4;0.6;-;-;-;0.8;-;-;0.2;41.4;-;3.2;-
Elkin Soto;Mainz 05;co;37;M(C);179;76;0(1);1;-;-;-;-;-;-;-;-;-;-;-;-;-;-;-;-;-;-;-;-;-;-;-;-;-;-
Josuha Guilavogui;Wolfsburg;fr;26;M(C);187;77;26(4);2330;2;-;3;-;0.8;88.1;1.6;1;2.3;3;2;0.1;1.1;0.7;0.3;-;0.7;0.6;0.8;0.2;0.8;0.9;48.3;-;3.2;-
Marcel Schäfer;Wolfsburg;de;33;D(L),M(L);184;75;14(7);1305;1;2;1;-;0.6;78.7;1.6;1;1;0.7;0.4;0.2;0.8;0.2;0.2;-;1.6;0.4;0.5;-;0.1;0.5;27.3;1.8;0.8;-
Ricardo Rodríguez;Wolfsburg;ch;24;D(CL);181;78;23(1);2067;2;3;3;-;1.1;83.1;2;1;1.5;1.8;1;0.3;1.7;0.6;0.5;-;1.5;0.8;0.7;-;0.6;0.5;55.1;1.4;4.8;-
Luiz Gustavo;Wolfsburg;br;30;D(C),M(C);187;80;22;1810;1;2;8;-;1;88.3;1.2;1;2.1;2;1.9;-;0.7;0.8;-;-;0.3;0.6;1.3;-;1.3;1;49.5;-;3.5;-
Ivan Perisic;Wolfsburg;hr;28;AM(CLR);187;80;2;164;1;-;-;-;1.5;75.6;1;-;1.5;-;0.5;-;0.5;0.5;-;-;1.5;0.5;0.5;1;0.5;0.5;39;0.5;2.5;-
Max Kruse;Wolfsburg;de;29;M(CR),FW;180;76;28(4);2427;6;6;3;-;1.9;82.3;0.6;2;0.3;0.3;0.6;-;-;0.4;-;-;1.7;1.2;0.7;0.2;1;1.7;34.4;0.3;2.6;0.1
Kevin De Bruyne;Wolfsburg;be;26;AM(CLR),FW;181;68;2;165;-;-;1;-;2;74;-;-;-;1;2;-;-;0.5;-;-;0.5;2.5;0.5;-;2.5;1.5;48;2;2.5;-
Sebastian Jung;Wolfsburg;de;27;D(R);179;72;5(6);520;-;1;1;-;0.4;82;0.9;-;1.1;1;0.5;0.2;0.7;0.4;0.2;-;1.1;0.6;0.5;-;0.4;0.5;27.8;0.5;2;-
Julian Draxler;Wolfsburg;de;23;AM(CLR);187;76;19(2);1522;5;5;4;1;1.6;83.4;1;1;0.8;0.7;0.9;-;0.4;0.7;-;-;1.7;2.6;0.8;0.1;1.1;0.9;32.5;0.7;2.4;0.1
André Schürrle;Wolfsburg;de;26;M(LR),FW;184;73;21(8);1904;9;3;5;-;2.4;78.5;0.8;2;0.9;0.8;0.8;-;0.2;0.7;0.1;-;0.7;1.1;1;0.4;0.5;1.1;24.4;0.2;0.7;-
Dante;Wolfsburg;br;33;D(C);188;87;23;2065;1;-;4;2;0.7;87.5;3;-;1.7;2.6;1.6;0.9;3.7;0.7;0.7;-;0.2;0.1;0.8;-;0.1;0.3;73.1;-;5.1;-
Leandro Putaro;Wolfsburg;de;20;Forward;187;77;0(4);44;-;-;-;-;0.3;72.7;-;-;-;0.3;0.3;-;-;-;-;-;-;0.3;-;-;-;-;2.8;-;-;-
Aaron Hunt;Wolfsburg;de;30;M(CR),FW;183;73;1(1);82;-;-;-;-;-;82.4;-;-;0.5;-;1;-;-;0.5;-;-;0.5;0.5;2.5;-;0.5;1;34;-;1.5;-
Diego Benaglio;Wolfsburg;ch;33;GK;194;89;21;1890;-;-;1;-;-;77.2;0.2;-;-;-;-;-;0.5;0.1;-;-;-;-;0.1;-;-;-;28.9;-;6.5;-
Paul Seguin;Wolfsburg;de;22;DMC;186;79;2(2);177;-;-;-;-;0.5;75.4;0.8;-;0.5;0.3;-;-;0.3;1.3;-;-;0.3;-;0.3;0.3;0.5;1;16.3;0.3;0.5;-
Christian Träsch;Wolfsburg;de;29;D(R),M(C);180;75;23(6);2070;-;1;2;-;0.3;79.5;1.3;1;2.4;1.8;1;0.4;2;1.5;0.1;-;0.9;0.7;1.2;-;0.5;0.9;49;0.8;3.7;-
Daniel Caligiuri;Wolfsburg;de;29;M(LR),FW;182;80;20(9);1825;2;5;4;-;1.4;78;0.7;2;1.8;1.1;1.5;-;0.3;0.8;0.1;-;1.1;1.9;1.7;0.2;1.5;1.2;26.5;0.4;1.1;-
Naldo;Wolfsburg;br;34;D(C);198;91;29;2596;-;1;2;-;1.7;87.3;4;1;1.6;2.5;1.1;0.8;4.2;0.6;0.6;-;0.3;0.4;0.8;-;0.2;0.4;63.5;-;5.2;-
Nicklas Bendtner;Wolfsburg;dk;29;FW;193;84;4(9);414;2;-;2;-;0.7;63.9;0.9;-;0.3;-;0.5;-;0.2;0.2;0.1;-;0.2;0.1;0.3;0.2;0.6;0.2;8.3;-;0.2;-
Koen Casteels;Wolfsburg;be;25;GK;197;86;13;1170;-;-;1;-;-;70.3;0.5;-;-;-;0.1;-;0.5;0.1;-;-;-;-;0.1;-;-;0.1;31.8;-;8.4;-
Carlos Ascues;Wolfsburg;pe;25;D(C);187;78;0(1);8;-;-;-;-;-;71.4;-;-;-;1;1;1;-;-;-;-;-;1;-;-;-;-;7;-;1;-
Bas Dost;Wolfsburg;nl;28;FW;196;78;14(8);1368;8;2;-;-;1.8;75.9;3.1;-;0.1;0.1;0.7;-;0.7;0.2;-;-;0.6;0.2;0.4;0.5;0.4;0.8;18.3;-;0.5;-
Timm Klose;Wolfsburg;ch;29;D(C);193;87;7(1);633;1;-;1;-;0.5;89.6;2.1;-;1.3;2.1;0.6;1.4;3.1;0.8;0.3;-;0.1;0.4;0.6;-;-;0.5;60.4;-;6.9;-
Robin Knoche;Wolfsburg;de;25;D(C);190;77;9(2);817;1;-;1;-;0.2;86.2;2.1;1;1.5;2.3;0.8;0.5;3.2;0.5;0.4;-;0.3;0.2;0.4;-;-;0.1;55.8;-;2.8;-
Ismail Azzaoui;Wolfsburg;ma;19;Midfielder;179;72;0(2);20;-;-;-;-;-;77.8;-;-;0.5;-;0.5;-;-;0.5;-;-;-;1;-;-;-;-;4.5;-;-;-
Francisco Rodríguez;Wolfsburg;ch;21;AM(C);178;78;0(1);8;-;-;-;-;-;84.2;-;-;1;-;-;-;-;-;-;-;1;-;-;-;-;-;19;-;2;-
Vieirinha;Wolfsburg;pt;31;D(R),M(LR);172;73;22(4);1904;1;5;3;-;1.1;77.7;1;2;1.8;2.5;0.4;0.2;1;1.3;0.3;-;1.3;1;2.1;0.3;0.7;0.7;43.6;1.1;3.3;-
Bruno Henrique;Wolfsburg;br;26;AM(CLR),FW;184;71;2(5);250;-;1;1;-;0.6;68.8;1.4;-;0.3;0.3;1.6;-;-;0.6;-;-;0.6;1.4;1.4;0.3;0.6;0.7;11;-;0.3;-
Maximilian Arnold;Wolfsburg;de;23;M(CR);184;74;22(9);2038;3;2;4;-;0.9;84.8;0.6;1;1.3;0.8;1.6;-;0.4;0.7;0.1;-;1.5;0.6;2.5;0.1;1.1;0.9;39.8;0.2;3.5;-
Konstantin Engel;Ingolstadt;kz;29;Defender;179;79;2(2);192;-;-;2;-;0.5;56.7;1.8;-;0.5;3;0.8;-;1.3;0.8;-;-;0.3;0.3;0.5;-;-;-;15;0.3;0.5;-
Alfredo Morales;Ingolstadt;us;27;M(C);183;77;18(6);1665;1;2;7;-;1.3;58.6;2.3;-;1.4;1.6;2.2;-;0.9;0.8;0.1;-;0.5;0.8;2.1;0.3;0.9;1.3;20.9;0.1;1.2;-
Romain Brégerie;Ingolstadt;fr;31;D(C),DMC;190;88;12(10);1056;-;-;3;1;0.6;63.9;2;-;1.1;1.9;0.2;0.3;2.4;0.3;0.2;-;0.2;-;0.3;-;0.1;0.1;16.7;-;1.4;-
Roger Bernardo;Ingolstadt;br;32;D(C),DMC;184;86;28(1);2501;1;1;3;-;0.6;66.6;3.2;1;2;2.6;1.4;0.2;2.2;1;0.3;-;0.3;0.4;2.9;-;0.5;0.6;27.4;-;2.1;-
Moritz Hartmann;Ingolstadt;de;31;AM(LR),FW;183;77;24(6);2011;12;1;4;-;1.8;63.6;2.4;1;0.8;1;0.8;-;0.3;0.7;-;-;0.7;0.2;1.2;0.4;0.8;1.6;18.4;0.2;0.4;-
Ørjan Nyland;Ingolstadt;no;26;GK;192;90;6;540;-;-;-;-;-;38.5;-;-;-;-;-;-;0.8;0.2;-;-;-;-;-;-;-;-;33.3;-;10.3;-
Pascal Groß;Ingolstadt;de;26;M(C);181;78;32;2833;1;4;8;1;2.2;67.3;1;-;1.8;1.9;1.3;-;0.6;1.3;0.1;-;3;0.6;1.6;0.1;0.9;1.5;56.5;2.1;4.5;0.1
Stefan Lex;Ingolstadt;de;27;AM(R);178;74;9(12);875;2;-;2;-;1.1;60;0.4;-;0.7;0.3;0.8;-;0.1;0.5;-;-;0.7;0.1;1;0.6;0.4;0.9;6.7;0.1;0.1;-
Robert Bauer;Ingolstadt;de;22;D(LR),M(LR);183;76;18(6);1677;1;-;5;-;0.2;65.1;1.5;1;2.8;2.4;1.4;0.3;2;0.7;0.1;-;0.3;0.6;1.1;-;0.3;0.5;21.9;-;1.8;-
Lukas Hinterseer;Ingolstadt;at;26;AM(R),FW;192;86;19(9);1719;6;-;3;-;1.1;61.5;2.6;1;0.8;0.6;1;-;0.4;0.5;0.1;-;0.5;0.4;1.4;0.5;1.4;1.4;18.8;-;0.1;-
Darío Lezcano;Ingolstadt;py;27;FW;178;79;15(2);1247;2;1;4;-;1.7;64.2;4.1;1;1.3;0.5;2.2;-;0.3;0.7;-;-;1.1;1.4;2.3;0.5;2.2;2.6;19.9;-;0.2;-
Ramazan Özcan;Ingolstadt;at;33;GK;187;84;28;2520;-;-;1;-;-;44.8;0.3;-;0.1;-;-;-;0.5;0.1;-;-;-;-;0.3;-;-;-;37.3;-;11.5;-
Markus Suttner;Ingolstadt;at;30;D(L),M(L);179;73;15(3);1341;-;-;2;-;1.1;64.8;1.7;1;2.2;2.9;0.8;0.3;3.1;1.6;-;-;0.9;0.5;0.3;-;0.1;0.4;23.3;0.6;3.4;-
Tobias Levels;Ingolstadt;de;30;D(R);185;80;16;1440;1;2;4;-;0.3;77.1;2.5;-;2.8;3.4;1.5;0.2;2.5;1.1;0.1;-;0.4;0.3;1.1;-;0.5;0.8;42.3;0.4;2.8;-
Danny da Costa;Ingolstadt;de;24;D(R);187;85;17(3);1524;-;4;4;-;0.3;61.5;1.2;-;2.8;2.2;0.8;0.3;2;0.6;0.2;-;0.7;1.1;0.9;-;0.5;1;26.9;0.2;1.5;-
Tomas Pekhart;Ingolstadt;cz;28;FW;194;80;1(3);82;-;-;1;-;1;71.4;2;-;0.3;-;0.8;-;-;-;-;-;0.3;-;-;-;0.3;0.5;5.3;-;-;-
Elias Kachunga;Ingolstadt;cd;25;AM(R),FW;178;74;3(7);269;-;-;-;-;0.4;69.6;0.9;-;0.3;0.2;1;0.1;0.2;0.2;-;-;-;0.3;1;0.1;0.3;1.4;6.9;-;-;-
Marvin Matip;Ingolstadt;cm;31;D(C);184;83;32(1);2925;2;1;5;-;0.8;76.5;3.8;3;1;2.5;0.8;1.3;6.2;0.7;0.5;-;0.3;0.1;0.6;-;0.1;0.2;31.5;-;2.4;-
Almog Cohen;Ingolstadt;il;28;M(C);170;71;8(12);826;-;2;2;-;0.7;65.1;1;-;1.3;1.5;0.9;-;0.5;0.3;-;-;0.3;0.3;0.8;0.1;0.4;0.4;14.2;0.1;0.4;-
Max Christiansen;Ingolstadt;de;20;M(C);188;84;12(7);1031;-;1;3;-;0.9;70.9;1.6;-;1.5;1.3;1.4;-;0.7;0.7;-;-;0.5;0.2;1.2;-;0.7;1.1;22.4;0.3;1;-
Danilo Soares;Ingolstadt;br;25;Defender;170;72;1;90;-;-;-;-;1;41.9;2;-;3;5;2;-;1;-;-;-;-;2;6;-;1;1;31;1;-;-
Maurice Multhaup;Ingolstadt;de;20;Midfielder;173;74;0(4);84;-;-;-;-;0.5;77.8;0.3;-;0.3;0.3;0.3;-;-;-;-;-;-;-;1;-;0.3;0.3;4.5;-;-;-
Benjamin Hübner;Ingolstadt;de;28;D(C);193;85;30;2630;1;-;7;-;0.7;65.7;5.2;4;1.8;2.5;1.7;0.9;5.8;0.7;0.5;-;0.1;0.2;1.4;-;-;0.4;23.1;-;2.3;-
Mathew Leckie;Ingolstadt;au;26;AM(CLR);181;82;28(4);2477;3;-;9;-;1.2;69.5;5;2;1.2;1.3;1.6;-;0.5;0.5;0.1;-;1;1.8;1.8;0.3;2.1;2.3;27.7;0.2;0.6;-
Stefan Wannenwetsch;Ingolstadt;de;25;Midfielder;177;71;0(1);37;-;-;-;-;-;60;-;-;-;1;1;-;-;1;-;-;-;-;-;-;-;-;10;-;-;-
Dominik Stroh-Engel;Darmstadt;de;31;FW;195;91;6(9);511;-;1;-;-;0.4;54.9;2.9;-;0.1;0.1;0.7;0.1;0.4;0.1;0.2;-;0.3;-;0.7;0.1;0.4;0.5;8.9;-;0.1;-
Slobodan Rajkovic;Darmstadt;rs;28;D(C);191;88;12(3);1008;1;1;4;-;0.3;54.4;2.1;1;1.1;2.2;1.5;0.3;5.5;0.4;0.8;-;0.1;0.1;0.7;0.1;0.1;0.1;13.7;-;1.5;-
György Garics;Darmstadt;at;33;D(R),M(R);183;76;20(1);1796;-;-;8;-;0.1;64.2;1;-;1.5;3;1.2;0.5;3.4;1.1;0.2;1;0.1;0.2;0.4;-;0.2;0.6;20.3;0.1;2.2;-
Jan Rosenthal;Darmstadt;de;31;M(C),FW;186;73;17(6);1422;-;1;2;-;0.7;62.5;3.4;-;0.7;0.5;1.2;-;0.6;0.5;0.2;-;0.6;0.6;0.8;0.3;0.5;1;16.7;-;0.8;-
Jérôme Gondorf;Darmstadt;de;29;M(C);175;76;33;2918;3;4;9;-;0.7;59.9;1.9;-;2.3;2.6;1.9;0.1;1.3;1.8;0.3;-;0.6;0.5;2.1;0.1;1;1.2;25.3;0.2;1.7;-
Tobias Kempe;Darmstadt;de;28;AM(LR);184;78;9(22);1276;-;3;-;-;1;59.4;0.8;-;0.5;1;0.5;-;0.3;0.5;-;-;1;0.6;0.4;0.3;0.7;0.7;11.8;0.7;0.5;-
Aytac Sulu;Darmstadt;tr;31;D(C);183;80;33;2970;7;-;6;-;0.6;56.3;3.1;5;1.6;3.2;1;0.8;5.6;0.3;0.9;2;0.3;0.1;1.6;0.1;-;0.2;16.6;-;2.5;-
Fabian Holland;Darmstadt;de;27;D(L);172;74;16(2);1436;-;-;5;-;0.2;57;0.9;-;2.6;1.9;1.7;0.5;2;1.4;0.3;-;0.3;0.2;1.1;-;0.4;0.2;16.9;0.2;1.3;-
Luca Caldirola;Darmstadt;it;26;D(CL);189;79;34;3060;-;1;4;-;0.4;59.5;2;-;2.1;2.5;1.1;0.4;4;0.7;0.7;-;0.2;0.1;1.7;-;-;0.4;16.7;-;2;-
Júnior Díaz;Darmstadt;cr;33;D(CL);185;76;9(3);868;-;-;2;-;0.4;58.6;2.4;-;2.1;2.5;0.9;0.8;3;0.7;0.3;-;0.4;-;0.8;-;0.3;0.1;14.1;0.1;1.5;-
Peter Niemeyer;Darmstadt;de;33;D(C),M(C);191;83;31;2573;2;-;13;-;0.9;55.6;3.9;1;2.7;2.9;2.2;-;1.3;1.4;0.4;-;0.2;0.1;1.7;0.1;0.2;0.5;23.4;-;1.3;-
Marco Sailer;Darmstadt;de;31;Forward;171;77;3(11);431;1;1;1;-;0.4;60.3;0.6;-;0.4;0.3;0.9;-;0.1;0.1;0.1;-;0.3;0.1;0.6;0.3;0.4;0.1;4.9;-;0.2;-
Sandro Sirigu;Darmstadt;de;28;D(R),M(R);183;79;1(5);121;-;2;-;-;-;43.5;0.2;-;1;0.7;0.3;-;0.2;0.2;-;-;0.3;0.2;-;-;0.2;0.7;3.8;0.2;-;-
Florian Jungwirth;Darmstadt;de;28;D(CR),DMC;181;79;16(3);1496;-;1;4;-;0.4;61.2;2.1;-;2.9;3.5;0.9;0.1;2.7;1;0.3;-;0.3;0.1;1;-;0.2;0.4;16.9;0.3;1.2;-
Marcel Heller;Darmstadt;de;31;M(LR);176;70;33;2934;6;5;7;-;1;55.4;0.5;2;1.8;1.1;1.3;-;0.3;1.6;-;-;0.9;0.9;1.3;0.7;0.9;1.4;15.7;0.6;0.6;-
Mario Vrancic;Darmstadt;ba;28;M(CL);187;78;12(10);1030;2;1;2;-;0.6;68.8;0.8;-;1.1;0.6;1;-;0.4;0.6;-;-;0.8;0.3;0.9;-;0.2;0.5;15.1;0.3;1;-
Christian Mathenia;Darmstadt;de;25;GK;189;90;33;2970;-;-;3;-;-;41.8;0.4;-;-;-;-;-;1.2;0.1;-;-;0.2;-;0.1;-;-;-;31.4;-;12.1;-
Felix Platte;Darmstadt;de;21;FW;190;90;1(10);142;-;-;1;-;0.4;52.1;0.8;-;0.3;0.1;0.5;-;-;0.1;-;-;0.2;0.3;0.4;0.1;0.2;0.5;4.4;-;0.2;-
Benjamin Gorka;Darmstadt;de;33;Defender;196;95;0(4);14;-;-;-;-;-;66.7;0.3;-;-;0.3;-;-;0.5;-;-;-;-;-;-;-;-;-;0.8;-;0.3;-
Lukasz Zaluska;Darmstadt;pl;35;Goalkeeper;190;88;1;90;-;-;-;-;-;53.3;-;-;-;-;-;-;-;1;-;-;-;-;-;-;-;-;30;-;15;-
Milan Ivana;Darmstadt;sk;33;Midfielder;172;73;0(1);2;-;-;-;-;-;-;-;-;-;-;-;-;-;-;-;-;-;-;-;-;-;-;-;-;-;-
Sandro Wagner;Darmstadt;de;29;FW;194;92;27(5);2477;14;4;8;1;2.7;50.4;7.3;5;1;0.4;3;-;1.5;0.5;0.2;-;0.9;0.5;2.3;0.5;1.5;2.2;28;0.1;0.8;0.1
Konstantin Rausch;Darmstadt;de;27;D(L),M(L);182;80;27(4);2129;2;5;7;-;1.3;58.6;0.7;1;1;1.2;0.5;-;0.8;0.8;-;-;1.1;0.2;0.9;0.2;0.4;1.2;16.3;0.9;1.3;-
